,FANTASYPTS,position,relative_value,id,name,sigma,proj_dist,proj_points
0,339.5,WR,4.897354617391603,WR1,ja'marr-chase,0.4,<scipy.stats._distn_infrastructure.rv_continuous_frozen object at 0x46a4d67b0>,0.0
1,338.8,RB,4.006101668444879,RB3,saquon-barkley,0.33139554622746525,<scipy.stats._distn_infrastructure.rv_continuous_frozen object at 0x128d3fd10>,0.0
2,336.9,RB,3.983493416814985,RB2,jahmyr-gibbs,0.329655269512921,<scipy.stats._distn_infrastructure.rv_continuous_frozen object at 0x41b842420>,0.0
3,326.9,RB,3.864502618762915,RB6,derrick-henry,0.3204959183837409,<scipy.stats._distn_infrastructure.rv_continuous_frozen object at 0x41b9ad670>,0.0
4,266.0,WR,3.7871928698047657,WR2,justin-jefferson,0.3145449780756795,<scipy.stats._distn_infrastructure.rv_continuous_frozen object at 0x128d3fb00>,0.0
5,311.2,RB,3.677687065821166,RB1,bijan-robinson,0.3061157371109282,<scipy.stats._distn_infrastructure.rv_continuous_frozen object at 0x39261d9a0>,0.0
6,258.7,WR,3.67693190711927,WR7,amon-ra-st.-brown,0.3060576085512232,<scipy.stats._distn_infrastructure.rv_continuous_frozen object at 0x39261d730>,0.0
7,311.1,RB,3.676497157840646,RB4,christian-mccaffrey,0.3060241435996365,<scipy.stats._distn_infrastructure.rv_continuous_frozen object at 0x39261dbb0>,0.0
8,240.5,WR,3.40203471247872,WR8,brian-thomas-jr.,0.2848973174080581,<scipy.stats._distn_infrastructure.rv_continuous_frozen object at 0x39261dcd0>,0.0
9,230.8,WR,3.2555235702801855,WR9,drake-london,0.2736195798207669,<scipy.stats._distn_infrastructure.rv_continuous_frozen object at 0x39261dd90>,0.0
10,275.1,RB,3.248130284853195,RB8,josh-jacobs,0.2730504795345883,<scipy.stats._distn_infrastructure.rv_continuous_frozen object at 0x39261e000>,0.0
11,226.8,WR,3.1951066044251193,WR18,terry-mclaurin,0.2689689663827086,<scipy.stats._distn_infrastructure.rv_continuous_frozen object at 0x39261e1b0>,0.0
12,434.4,QB,3.185546797195788,QB2,lamar-jackson,0.26823309745356333,<scipy.stats._distn_infrastructure.rv_continuous_frozen object at 0x39261e360>,0.0
13,260.9,RB,3.0791633516192554,RB7,de'von-achane,0.26004420093115255,<scipy.stats._distn_infrastructure.rv_continuous_frozen object at 0x39261e510>,0.0
14,219.1,WR,3.0788039451541174,WR5,malik-nabers,0.2600165355144465,<scipy.stats._distn_infrastructure.rv_continuous_frozen object at 0x39261e6c0>,0.0
15,255.1,RB,3.0101486887490556,RB12,kyren-williams,0.2547317772762281,<scipy.stats._distn_infrastructure.rv_continuous_frozen object at 0x39261e870>,0.0
16,212.9,WR,2.9851576480787654,WR3,ceedee-lamb,0.2528080846854562,<scipy.stats._distn_infrastructure.rv_continuous_frozen object at 0x39261ea20>,0.0
17,250.7,RB,2.9577927376061446,RB14,james-cook,0.2507016627793889,<scipy.stats._distn_infrastructure.rv_continuous_frozen object at 0x39261ec60>,0.0
18,206.7,TE,2.8963217251054965,TE1,brock-bowers,0.24596991379562905,<scipy.stats._distn_infrastructure.rv_continuous_frozen object at 0x39261ee10>,0.0
19,241.7,RB,2.850701019359282,RB5,ashton-jeanty,0.24245824676312686,<scipy.stats._distn_infrastructure.rv_continuous_frozen object at 0x39261efc0>,0.0
20,203.4,WR,2.8416673541729836,WR17,mike-evans,0.2417628777700678,<scipy.stats._distn_infrastructure.rv_continuous_frozen object at 0x39261f170>,0.0
21,203.0,WR,2.835625657587477,WR13,jaxon-smith-njigba,0.241297816426262,<scipy.stats._distn_infrastructure.rv_continuous_frozen object at 0x39261f350>,0.0
22,385.0,QB,2.819464561148596,QB1,josh-allen,0.24005381134906703,<scipy.stats._distn_infrastructure.rv_continuous_frozen object at 0x39261f590>,0.0
23,201.4,WR,2.8114588712454505,WR15,garrett-wilson,0.2394375710510387,<scipy.stats._distn_infrastructure.rv_continuous_frozen object at 0x39261f740>,0.0
24,381.8,QB,2.7957507320929076,QB7,baker-mayfield,0.23822843249209563,<scipy.stats._distn_infrastructure.rv_continuous_frozen object at 0x39261f920>,0.0
25,381.8,QB,2.7957507320929076,QB5,joe-burrow,0.23822843249209563,<scipy.stats._distn_infrastructure.rv_continuous_frozen object at 0x39261fb30>,0.0
26,199.9,WR,2.788802509049801,WR11,ladd-mcconkey,0.23769359101176685,<scipy.stats._distn_infrastructure.rv_continuous_frozen object at 0x39261fd40>,0.0
27,199.8,WR,2.787292084903424,WR22,courtland-sutton,0.23757732567581538,<scipy.stats._distn_infrastructure.rv_continuous_frozen object at 0x39261fda0>,0.0
28,235.7,RB,2.77930654052804,RB9,jonathan-taylor,0.2369626360856188,<scipy.stats._distn_infrastructure.rv_continuous_frozen object at 0x39261ff20>,0.0
29,198.8,WR,2.772187843439658,WR16,davante-adams,0.23641467231630084,<scipy.stats._distn_infrastructure.rv_continuous_frozen object at 0x3926240e0>,0.0
30,197.6,TE,2.766469533259817,TE3,george-kittle,0.235974503734695,<scipy.stats._distn_infrastructure.rv_continuous_frozen object at 0x3926242f0>,0.0
31,195.9,WR,2.728385543194735,WR34,jerry-jeudy,0.23304297757370857,<scipy.stats._distn_infrastructure.rv_continuous_frozen object at 0x392624650>,0.0
32,231.3,RB,2.7269505893851296,RB16,alvin-kamara,0.23293252158877958,<scipy.stats._distn_infrastructure.rv_continuous_frozen object at 0x392624830>,0.0
33,194.3,TE,2.71938027687622,TE2,trey-mcbride,0.23234979459171895,<scipy.stats._distn_infrastructure.rv_continuous_frozen object at 0x3926249e0>,0.0
34,230.3,RB,2.715051509579923,RB19,james-conner,0.2320165864758616,<scipy.stats._distn_infrastructure.rv_continuous_frozen object at 0x392624b90>,0.0
35,228.0,RB,2.6876836260279466,RB11,chase-brown,0.22990993571615015,<scipy.stats._distn_infrastructure.rv_continuous_frozen object at 0x392624d70>,0.0
36,227.0,RB,2.6757845462227396,RB17,omarion-hampton,0.22899400060323213,<scipy.stats._distn_infrastructure.rv_continuous_frozen object at 0x392624f50>,0.0
37,364.8,QB,2.6697710152345624,QB3,jayden-daniels,0.228531107314435,<scipy.stats._distn_infrastructure.rv_continuous_frozen object at 0x392625100>,0.0
38,226.1,RB,2.6650753743980538,RB15,kenneth-walker-iii,0.22816965900160596,<scipy.stats._distn_infrastructure.rv_continuous_frozen object at 0x3926252b0>,0.0
39,189.1,WR,2.6256767012411224,WR20,dj-moore,0.2251369347290095,<scipy.stats._distn_infrastructure.rv_continuous_frozen object at 0x392625490>,0.0
40,222.5,RB,2.6222386870993084,RB27,joe-mixon,0.2248722925951011,<scipy.stats._distn_infrastructure.rv_continuous_frozen object at 0x392625640>,0.0
41,220.9,RB,2.6032001594109775,RB10,bucky-irving,0.22340679641443234,<scipy.stats._distn_infrastructure.rv_continuous_frozen object at 0x3926257f0>,0.0
42,220.1,RB,2.593680895566812,RB18,chuba-hubbard,0.22267404832409793,<scipy.stats._distn_infrastructure.rv_continuous_frozen object at 0x3926259a0>,0.0
43,185.6,WR,2.57281185611794,WR14,tee-higgins,0.22106764797070855,<scipy.stats._distn_infrastructure.rv_continuous_frozen object at 0x392625b50>,0.0
44,216.1,RB,2.546084576345984,RB23,aaron-jones-sr.,0.2190103078724259,<scipy.stats._distn_infrastructure.rv_continuous_frozen object at 0x392625d30>,0.0
45,183.4,WR,2.5395825248976536,WR10,a.j.-brown,0.2185098105797765,<scipy.stats._distn_infrastructure.rv_continuous_frozen object at 0x392625ee0>,0.0
46,183.2,WR,2.5365616766049,WR25,jameson-williams,0.21827727990787354,<scipy.stats._distn_infrastructure.rv_continuous_frozen object at 0x3926260c0>,0.0
47,181.0,WR,2.503332345384614,WR37,jordan-addison,0.21571944251694156,<scipy.stats._distn_infrastructure.rv_continuous_frozen object at 0x392626270>,0.0
48,212.4,RB,2.5020579810667183,RB13,breece-hall,0.21562134795462928,<scipy.stats._distn_infrastructure.rv_continuous_frozen object at 0x392626420>,0.0
49,178.3,TE,2.4910687307739274,TE18,jonnu-smith,0.214775447231835,<scipy.stats._distn_infrastructure.rv_continuous_frozen object at 0x3926265d0>,0.0
50,336.0,QB,2.456346553733365,QB15,jared-goff,0.21210269760169218,<scipy.stats._distn_infrastructure.rv_continuous_frozen object at 0x3926267e0>,0.0
51,177.7,WR,2.4534883485541847,WR12,tyreek-hill,0.21188268643054348,<scipy.stats._distn_infrastructure.rv_continuous_frozen object at 0x392626990>,0.0
52,176.6,WR,2.436873682944041,WR6,nico-collins,0.21060376773507744,<scipy.stats._distn_infrastructure.rv_continuous_frozen object at 0x392626b70>,0.0
53,174.5,WR,2.405154775870132,WR36,jakobi-meyers,0.20816219568009692,<scipy.stats._distn_infrastructure.rv_continuous_frozen object at 0x392626d50>,0.0
54,328.7,QB,2.402249381200076,QB8,bo-nix,0.20793855208422618,<scipy.stats._distn_infrastructure.rv_continuous_frozen object at 0x392626f00>,0.0
55,203.7,RB,2.3985359867614173,RB20,david-montgomery,0.2076527124722426,<scipy.stats._distn_infrastructure.rv_continuous_frozen object at 0x3926270b0>,0.0
56,172.5,WR,2.3749462929425986,WR24,zay-flowers,0.20583688896106772,<scipy.stats._distn_infrastructure.rv_continuous_frozen object at 0x392627260>,0.0
57,172.0,WR,2.367394172210716,WR40,jauan-jennings,0.20525556228131048,<scipy.stats._distn_infrastructure.rv_continuous_frozen object at 0x392627410>,0.0
58,320.1,QB,2.3385184656129128,QB4,jalen-hurts,0.20303284640611546,<scipy.stats._distn_infrastructure.rv_continuous_frozen object at 0x3926275c0>,0.0
59,320.0,QB,2.3377774084549223,QB26,sam-darnold,0.20297580331683507,<scipy.stats._distn_infrastructure.rv_continuous_frozen object at 0x3926277a0>,0.0
60,169.5,WR,2.3296335685512997,WR42,jayden-reed,0.2023489288825241,<scipy.stats._distn_infrastructure.rv_continuous_frozen object at 0x392627950>,0.0
61,167.2,WR,2.294893813184636,WR30,calvin-ridley,0.19967482615564053,<scipy.stats._distn_infrastructure.rv_continuous_frozen object at 0x392627b00>,0.0
62,167.1,WR,2.29338338903826,WR4,puka-nacua,0.1995585608196891,<scipy.stats._distn_infrastructure.rv_continuous_frozen object at 0x392627cb0>,0.0
63,193.5,RB,2.2771653727483065,RB21,d'andre-swift,0.19831017432047895,<scipy.stats._distn_infrastructure.rv_continuous_frozen object at 0x392627d10>,0.0
64,165.5,WR,2.2692166026962335,WR19,marvin-harrison-jr.,0.1976983154444658,<scipy.stats._distn_infrastructure.rv_continuous_frozen object at 0x392627e00>,0.0
65,165.4,WR,2.267706178549857,WR23,devonta-smith,0.19758205010851437,<scipy.stats._distn_infrastructure.rv_continuous_frozen object at 0x392628080>,0.0
66,162.6,TE,2.2670380261610528,TE5,t.j.-hockenson,0.19753061888494883,<scipy.stats._distn_infrastructure.rv_continuous_frozen object at 0x3926283e0>,0.0
67,308.2,QB,2.250332663812071,QB9,kyler-murray,0.19624471878175298,<scipy.stats._distn_infrastructure.rv_continuous_frozen object at 0x392628590>,0.0
68,161.3,TE,2.2484877130402414,TE7,mark-andrews,0.19610270316195821,<scipy.stats._distn_infrastructure.rv_continuous_frozen object at 0x392628740>,0.0
69,161.2,WR,2.2042683644020373,WR49,darnell-mooney,0.19269890599855316,<scipy.stats._distn_infrastructure.rv_continuous_frozen object at 0x3926288f0>,0.0
70,186.6,RB,2.1950617220923787,RB37,najee-harris,0.19199022204134475,<scipy.stats._distn_infrastructure.rv_continuous_frozen object at 0x392628ad0>,0.0
71,159.5,WR,2.1785911539136347,WR26,rashee-rice,0.19072239528737844,<scipy.stats._distn_infrastructure.rv_continuous_frozen object at 0x392628ce0>,0.0
72,158.2,WR,2.158955640010738,WR21,dk-metcalf,0.18921094592000948,<scipy.stats._distn_infrastructure.rv_continuous_frozen object at 0x392628e90>,0.0
73,157.7,WR,2.1514035192788548,WR27,xavier-worthy,0.18862961924025218,<scipy.stats._distn_infrastructure.rv_continuous_frozen object at 0x392629040>,0.0
74,293.5,QB,2.141397261587502,QB6,patrick-mahomes-ii,0.18785938465754057,<scipy.stats._distn_infrastructure.rv_continuous_frozen object at 0x392629250>,0.0
75,156.4,WR,2.1317680053759585,WR32,chris-olave,0.18711816987288327,<scipy.stats._distn_infrastructure.rv_continuous_frozen object at 0x392629400>,0.0
76,180.2,RB,2.1189076113390537,RB25,tony-pollard,0.18612823731866945,<scipy.stats._distn_infrastructure.rv_continuous_frozen object at 0x3926295b0>,0.0
77,288.4,QB,2.1036033465299977,QB13,justin-herbert,0.18495018710424233,<scipy.stats._distn_infrastructure.rv_continuous_frozen object at 0x392629760>,0.0
78,178.3,RB,2.096299359709161,RB51,rico-dowdle,0.18438796060412527,<scipy.stats._distn_infrastructure.rv_continuous_frozen object at 0x392629910>,0.0
79,152.1,WR,2.0668197670817623,WR55,rashod-bateman,0.18211876042697062,<scipy.stats._distn_infrastructure.rv_continuous_frozen object at 0x392629ac0>,0.0
80,175.8,RB,2.0665516601961436,RB40,j.k.-dobbins,0.18209812282183027,<scipy.stats._distn_infrastructure.rv_continuous_frozen object at 0x392629d00>,0.0
81,174.8,RB,2.054652580390936,RB26,isiah-pacheco,0.18118218770891223,<scipy.stats._distn_infrastructure.rv_continuous_frozen object at 0x392629ee0>,0.0
82,281.0,QB,2.048765116838718,QB25,geno-smith,0.1807289984974959,<scipy.stats._distn_infrastructure.rv_continuous_frozen object at 0x39262a090>,0.0
83,174.1,RB,2.046323224527291,RB42,rachaad-white,0.1805410331298696,<scipy.stats._distn_infrastructure.rv_continuous_frozen object at 0x39262a270>,0.0
84,146.9,TE,2.0430073215481785,TE6,travis-kelce,0.18028579053806268,<scipy.stats._distn_infrastructure.rv_continuous_frozen object at 0x39262a420>,0.0
85,150.4,WR,2.0411425565933596,WR86,keenan-allen,0.1801422497157959,<scipy.stats._distn_infrastructure.rv_continuous_frozen object at 0x39262a630>,0.0
86,278.9,QB,2.033202916520922,QB10,brock-purdy,0.17953109362260838,<scipy.stats._distn_infrastructure.rv_continuous_frozen object at 0x39262a810>,0.0
87,144.6,TE,2.010187536795974,TE4,sam-laporta,0.17775947810507936,<scipy.stats._distn_infrastructure.rv_continuous_frozen object at 0x39262a9c0>,0.0
88,144.4,TE,2.0073336424696953,TE19,zach-ertz,0.1775397987630808,<scipy.stats._distn_infrastructure.rv_continuous_frozen object at 0x39262ab70>,0.0
89,147.5,WR,1.9973402563484366,WR45,josh-downs,0.17677055497320363,<scipy.stats._distn_infrastructure.rv_continuous_frozen object at 0x39262ad20>,0.0
90,147.2,WR,1.9928089839093066,WR62,quentin-johnston,0.17642175896534926,<scipy.stats._distn_infrastructure.rv_continuous_frozen object at 0x39262af30>,0.0
91,146.6,WR,1.9837464390310466,WR44,ricky-pearsall,0.1757241669496405,<scipy.stats._distn_infrastructure.rv_continuous_frozen object at 0x39262b0e0>,0.0
92,144.5,WR,1.9520275319571372,WR41,khalil-shakir,0.17328259489465994,<scipy.stats._distn_infrastructure.rv_continuous_frozen object at 0x39262b290>,0.0
93,267.6,QB,1.9494634576680223,QB28,aaron-rodgers,0.1730852245339281,<scipy.stats._distn_infrastructure.rv_continuous_frozen object at 0x39262b440>,0.0
94,165.9,RB,1.9487507701245943,RB36,zach-charbonnet,0.173030365203942,<scipy.stats._distn_infrastructure.rv_continuous_frozen object at 0x39262b650>,0.0
95,142.9,WR,1.927860745615111,WR72,alec-pierce,0.17142234951943663,<scipy.stats._distn_infrastructure.rv_continuous_frozen object at 0x39262b800>,0.0
96,138.3,TE,1.9202898655181964,TE10,tucker-kraft,0.17083957883212503,<scipy.stats._distn_infrastructure.rv_continuous_frozen object at 0x39262b9b0>,0.0
97,163.3,RB,1.9178131626310564,RB30,tyrone-tracy-jr.,0.17064893391035518,<scipy.stats._distn_infrastructure.rv_continuous_frozen object at 0x39262bbf0>,0.0
98,141.5,WR,1.9067148075658378,WR46,cooper-kupp,0.16979463481611626,<scipy.stats._distn_infrastructure.rv_continuous_frozen object at 0x39262bc50>,0.0
99,260.9,QB,1.899812628082674,QB27,cameron-ward,0.16926333755214418,<scipy.stats._distn_infrastructure.rv_continuous_frozen object at 0x39262bd70>,0.0
100,260.5,QB,1.896848399450713,QB14,caleb-williams,0.16903516519502276,<scipy.stats._distn_infrastructure.rv_continuous_frozen object at 0x39262c080>,0.0
101,135.8,TE,1.8846161864397135,TE23,pat-freiermuth,0.1680935870571432,<scipy.stats._distn_infrastructure.rv_continuous_frozen object at 0x39262c3b0>,0.0
102,159.4,RB,1.871406751390749,RB35,rhamondre-stevenson,0.16707678696997497,<scipy.stats._distn_infrastructure.rv_continuous_frozen object at 0x39262c560>,0.0
103,156.7,RB,1.83927923591669,RB38,cam-skattebo,0.1646037621650963,<scipy.stats._distn_infrastructure.rv_continuous_frozen object at 0x39262c710>,0.0
104,136.2,WR,1.826662327807875,WR65,wan'dale-robinson,0.16363257201068904,<scipy.stats._distn_infrastructure.rv_continuous_frozen object at 0x39262c8c0>,0.0
105,134.9,WR,1.807026813904979,WR31,george-pickens,0.16212112264332013,<scipy.stats._distn_infrastructure.rv_continuous_frozen object at 0x39262ca70>,0.0
106,153.3,RB,1.7988223645789867,RB22,treveyon-henderson,0.16148958278117512,<scipy.stats._distn_infrastructure.rv_continuous_frozen object at 0x39262cc80>,0.0
107,244.9,QB,1.7812434828042314,QB17,jordan-love,0.1601364432672871,<scipy.stats._distn_infrastructure.rv_continuous_frozen object at 0x39262ce30>,0.0
108,150.1,RB,1.7607453092023242,RB24,rj-harvey,0.1585585904198375,<scipy.stats._distn_infrastructure.rv_continuous_frozen object at 0x39262cfe0>,0.0
109,149.8,RB,1.7571755852607622,RB29,brian-robinson-jr.,0.15828380988596208,<scipy.stats._distn_infrastructure.rv_continuous_frozen object at 0x39262d190>,0.0
110,131.3,WR,1.7526515446354196,WR47,michael-pittman-jr.,0.1579355705490677,<scipy.stats._distn_infrastructure.rv_continuous_frozen object at 0x39262d340>,0.0
111,146.6,RB,1.7190985298840997,RB28,kaleb-johnson,0.15535281752462446,<scipy.stats._distn_infrastructure.rv_continuous_frozen object at 0x39262d4f0>,0.0
112,128.1,WR,1.7043179719513666,WR43,deebo-samuel-sr.,0.15421507979862106,<scipy.stats._distn_infrastructure.rv_continuous_frozen object at 0x39262d6a0>,0.0
113,123.0,TE,1.7019669495578793,TE21,brenton-strange,0.154034109169236,<scipy.stats._distn_infrastructure.rv_continuous_frozen object at 0x39262d850>,0.0
114,127.5,WR,1.6952554270731066,WR90,jalen-tolbert,0.15351748778291233,<scipy.stats._distn_infrastructure.rv_continuous_frozen object at 0x39262da00>,0.0
115,127.4,WR,1.6937450029267302,WR33,travis-hunter,0.1534012224469609,<scipy.stats._distn_infrastructure.rv_continuous_frozen object at 0x39262dbb0>,0.0
116,232.4,QB,1.688611338055448,QB19,c.j.-stroud,0.15300605710724247,<scipy.stats._distn_infrastructure.rv_continuous_frozen object at 0x39262dd60>,0.0
117,143.9,RB,1.6869710144100412,RB60,kareem-hunt,0.15287979271974586,<scipy.stats._distn_infrastructure.rv_continuous_frozen object at 0x39262df40>,0.0
118,124.6,WR,1.651453126828184,WR28,tetairoa-mcmillan,0.1501457930403201,<scipy.stats._distn_infrastructure.rv_continuous_frozen object at 0x39262e0f0>,0.0
119,224.0,QB,1.6263625367842653,QB23,michael-penix-jr.,0.14821443760769248,<scipy.stats._distn_infrastructure.rv_continuous_frozen object at 0x39262e2d0>,0.0
120,222.6,QB,1.6159877365724018,QB22,matthew-stafford,0.1474158343577675,<scipy.stats._distn_infrastructure.rv_continuous_frozen object at 0x39262e4b0>,0.0
121,116.5,TE,1.609215383953823,TE8,david-njoku,0.14689453055428314,<scipy.stats._distn_infrastructure.rv_continuous_frozen object at 0x39262e660>,0.0
122,121.0,WR,1.5970778575586246,WR48,emeka-egbuka,0.14596024094606766,<scipy.stats._distn_infrastructure.rv_continuous_frozen object at 0x39262e840>,0.0
123,120.6,WR,1.5910361609731178,WR29,jaylen-waddle,0.14549517960226183,<scipy.stats._distn_infrastructure.rv_continuous_frozen object at 0x39262e9f0>,0.0
124,119.7,WR,1.5774423436557283,WR92,nick-westbrook-ikhine,0.14444879157869875,<scipy.stats._distn_infrastructure.rv_continuous_frozen object at 0x39262eba0>,0.0
125,119.6,WR,1.5759319195093515,WR66,kyle-williams,0.14433252624274728,<scipy.stats._distn_infrastructure.rv_continuous_frozen object at 0x39262ed50>,0.0
126,119.0,WR,1.5668693746310915,WR71,deandre-hopkins,0.14363493422703855,<scipy.stats._distn_infrastructure.rv_continuous_frozen object at 0x39262ef00>,0.0
127,112.4,TE,1.5507105502651104,TE17,hunter-henry,0.14239110404331284,<scipy.stats._distn_infrastructure.rv_continuous_frozen object at 0x39262f0b0>,0.0
128,117.9,WR,1.5502547090209484,WR35,rome-odunze,0.1423560155315725,<scipy.stats._distn_infrastructure.rv_continuous_frozen object at 0x39262f260>,0.0
129,131.9,RB,1.5441820567475575,RB34,javonte-williams,0.1418885713647298,<scipy.stats._distn_infrastructure.rv_continuous_frozen object at 0x39262f410>,0.0
130,116.9,WR,1.535150467557182,WR64,jalen-mcmillan,0.14119336217205797,<scipy.stats._distn_infrastructure.rv_continuous_frozen object at 0x39262f680>,0.0
131,111.1,TE,1.532160237144299,TE24,cade-otton,0.14096318832032229,<scipy.stats._distn_infrastructure.rv_continuous_frozen object at 0x39262f860>,0.0
132,130.5,RB,1.5275233450202679,RB43,quinshon-judkins,0.14060626220664457,<scipy.stats._distn_infrastructure.rv_continuous_frozen object at 0x39262fa10>,0.0
133,115.5,WR,1.514004529507909,WR63,adam-thielen,0.13956564746873756,<scipy.stats._distn_infrastructure.rv_continuous_frozen object at 0x39262fbc0>,0.0
134,109.0,TE,1.5021943467183736,TE22,mike-gesicki,0.13865655522933754,<scipy.stats._distn_infrastructure.rv_continuous_frozen object at 0x39262fda0>,0.0
135,114.7,WR,1.5019211363368958,WR68,demario-douglas,0.13863552478112592,<scipy.stats._distn_infrastructure.rv_continuous_frozen object at 0x39262fe00>,0.0
136,114.5,WR,1.4989002880441424,WR127,tank-dell,0.138402994109223,<scipy.stats._distn_infrastructure.rv_continuous_frozen object at 0x39262ff20>,0.0
137,107.7,TE,1.4836440335975623,TE16,kyle-pitts-sr.,0.13722863950634695,<scipy.stats._distn_infrastructure.rv_continuous_frozen object at 0x3926340e0>,0.0
138,204.0,QB,1.478151105186212,QB24,bryce-young,0.13680581975162112,<scipy.stats._distn_infrastructure.rv_continuous_frozen object at 0x3926342f0>,0.0
139,112.8,WR,1.4732230775557393,WR38,chris-godwin,0.13642648339804825,<scipy.stats._distn_infrastructure.rv_continuous_frozen object at 0x392634650>,0.0
140,125.5,RB,1.468027945994233,RB41,tank-bigsby,0.13602658664205455,<scipy.stats._distn_infrastructure.rv_continuous_frozen object at 0x392634800>,0.0
141,110.8,WR,1.4430145946282062,WR67,jayden-higgins,0.1341011766790191,<scipy.stats._distn_infrastructure.rv_continuous_frozen object at 0x3926349b0>,0.0
142,199.0,QB,1.4410982472866987,QB20,j.j.-mccarthy,0.13395366528760327,<scipy.stats._distn_infrastructure.rv_continuous_frozen object at 0x392634b60>,0.0
143,110.0,WR,1.430931201457193,WR59,marvin-mims-jr.,0.13317105399140744,<scipy.stats._distn_infrastructure.rv_continuous_frozen object at 0x392634d10>,0.0
144,109.5,WR,1.42337908072531,WR112,ray-ray-mccloud-iii,0.13258972731165017,<scipy.stats._distn_infrastructure.rv_continuous_frozen object at 0x392634ef0>,0.0
145,109.1,WR,1.4173373841398034,WR61,romeo-doubs,0.13212466596784433,<scipy.stats._distn_infrastructure.rv_continuous_frozen object at 0x3926350a0>,0.0
146,102.7,TE,1.412296675440596,TE20,isaiah-likely,0.1317366559563832,<scipy.stats._distn_infrastructure.rv_continuous_frozen object at 0x392635250>,0.0
147,108.0,WR,1.4007227185296602,WR117,demarcus-robinson,0.13084574727237833,<scipy.stats._distn_infrastructure.rv_continuous_frozen object at 0x392635400>,0.0
148,107.7,WR,1.3961914460905303,WR60,marquise-brown,0.13049695126452396,<scipy.stats._distn_infrastructure.rv_continuous_frozen object at 0x3926355b0>,0.0
149,119.4,RB,1.3954435591824705,RB87,alexander-mattison,0.1304393824532547,<scipy.stats._distn_infrastructure.rv_continuous_frozen object at 0x392635760>,0.0
150,107.5,WR,1.393170597797777,WR132,allen-lazard,0.13026442059262106,<scipy.stats._distn_infrastructure.rv_continuous_frozen object at 0x392635910>,0.0
151,192.3,QB,1.391447417701351,QB39,kirk-cousins,0.1301317783058194,<scipy.stats._distn_infrastructure.rv_continuous_frozen object at 0x392635ac0>,0.0
152,106.4,WR,1.376555932187634,WR74,jack-bech,0.12898550189715502,<scipy.stats._distn_infrastructure.rv_continuous_frozen object at 0x392635c70>,0.0
153,105.8,WR,1.367493387309374,WR98,tre-tucker,0.12828790988144628,<scipy.stats._distn_infrastructure.rv_continuous_frozen object at 0x392635e50>,0.0
154,188.6,QB,1.3640283028557108,QB21,tua-tagovailoa,0.12802118400244616,<scipy.stats._distn_infrastructure.rv_continuous_frozen object at 0x392636000>,0.0
155,187.1,QB,1.3529124454858568,QB16,drake-maye,0.12716553766324082,<scipy.stats._distn_infrastructure.rv_continuous_frozen object at 0x3926361b0>,0.0
156,115.5,RB,1.3490371479421632,RB46,jerome-ford,0.1268672355128745,<scipy.stats._distn_infrastructure.rv_continuous_frozen object at 0x392636360>,0.0
157,97.8,TE,1.3423762644467687,TE28,juwan-johnson,0.12635451207741874,<scipy.stats._distn_infrastructure.rv_continuous_frozen object at 0x392636510>,0.0
158,114.8,RB,1.3407077920785184,RB45,austin-ekeler,0.1262260809338319,<scipy.stats._distn_infrastructure.rv_continuous_frozen object at 0x3926366c0>,0.0
159,97.1,TE,1.3323876343047933,TE26,mason-taylor,0.1255856343804238,<scipy.stats._distn_infrastructure.rv_continuous_frozen object at 0x392636870>,0.0
160,96.9,TE,1.329533739978515,TE31,cole-kmet,0.12536595503842526,<scipy.stats._distn_infrastructure.rv_continuous_frozen object at 0x392636a20>,0.0
161,96.4,TE,1.3223990041628184,TE43,tyler-conklin,0.1248167566834289,<scipy.stats._distn_infrastructure.rv_continuous_frozen object at 0x392636bd0>,0.0
162,101.9,WR,1.3085868456006846,WR82,andrei-iosivas,0.12375356177933948,<scipy.stats._distn_infrastructure.rv_continuous_frozen object at 0x392636d80>,0.0
163,95.4,TE,1.308129532531425,TE15,colston-loveland,0.12371835997343615,<scipy.stats._distn_infrastructure.rv_continuous_frozen object at 0x392636f30>,0.0
164,95.3,TE,1.3067025853682857,TE30,elijah-arroyo,0.12360852030243687,<scipy.stats._distn_infrastructure.rv_continuous_frozen object at 0x3926370e0>,0.0
165,101.0,WR,1.2949930282832947,WR73,michael-wilson,0.12270717375577636,<scipy.stats._distn_infrastructure.rv_continuous_frozen object at 0x392637290>,0.0
166,100.8,WR,1.2919721799905415,WR79,calvin-austin-iii,0.12247464308387346,<scipy.stats._distn_infrastructure.rv_continuous_frozen object at 0x392637470>,0.0
167,110.7,RB,1.2919215648771698,RB32,travis-etienne-jr.,0.12247074697086806,<scipy.stats._distn_infrastructure.rv_continuous_frozen object at 0x392637680>,0.0
168,100.7,WR,1.290461755844165,WR101,amari-cooper,0.122358377747922,<scipy.stats._distn_infrastructure.rv_continuous_frozen object at 0x392637830>,0.0
169,100.6,WR,1.288951331697788,WR69,xavier-legette,0.12224211241197054,<scipy.stats._distn_infrastructure.rv_continuous_frozen object at 0x392637a10>,0.0
170,100.4,WR,1.285930483405035,WR96,kayshon-boutte,0.12200958174006764,<scipy.stats._distn_infrastructure.rv_continuous_frozen object at 0x392637bf0>,0.0
171,177.8,QB,1.283994129792762,QB30,russell-wilson,0.12186053036016763,<scipy.stats._distn_infrastructure.rv_continuous_frozen object at 0x392637da0>,0.0
172,93.6,TE,1.282444483594917,TE12,tyler-warren,0.12174124589544918,<scipy.stats._distn_infrastructure.rv_continuous_frozen object at 0x392637e00>,0.0
173,93.3,TE,1.2781636421054992,TE32,noah-gray,0.12141172688245137,<scipy.stats._distn_infrastructure.rv_continuous_frozen object at 0x392637f20>,0.0
174,109.5,RB,1.2776426691109215,RB33,jordan-mason,0.12137162483536645,<scipy.stats._distn_infrastructure.rv_continuous_frozen object at 0x392638110>,0.0
175,93.2,TE,1.27673669494236,TE29,ja'tavion-sanders,0.12130188721145212,<scipy.stats._distn_infrastructure.rv_continuous_frozen object at 0x392638410>,0.0
176,174.9,QB,1.2625034722110442,QB29,anthony-richardson-sr.,0.12020628077103727,<scipy.stats._distn_infrastructure.rv_continuous_frozen object at 0x3926387a0>,0.0
177,98.7,WR,1.2602532729166318,WR89,jalen-royals,0.12003307102889288,<scipy.stats._distn_infrastructure.rv_continuous_frozen object at 0x392638980>,0.0
178,91.8,TE,1.2567594346584092,TE35,taysom-hill,0.11976413181746226,<scipy.stats._distn_infrastructure.rv_continuous_frozen object at 0x392638b60>,0.0
179,98.4,WR,1.255722000477502,WR39,stefon-diggs,0.11968427502103851,<scipy.stats._distn_infrastructure.rv_continuous_frozen object at 0x392638d40>,0.0
180,91.7,TE,1.2553324874952698,TE27,dalton-schultz,0.11965429214646298,<scipy.stats._distn_infrastructure.rv_continuous_frozen object at 0x392638ef0>,0.0
181,107.6,RB,1.2550344174810282,RB44,ray-davis,0.11963134812082224,<scipy.stats._distn_infrastructure.rv_continuous_frozen object at 0x3926390a0>,0.0
182,106.1,RB,1.2371857977732177,RB63,justice-hill,0.11825744545144522,<scipy.stats._distn_infrastructure.rv_continuous_frozen object at 0x392639250>,0.0
183,97.0,WR,1.2345760624282287,WR51,keon-coleman,0.1180565603177181,<scipy.stats._distn_infrastructure.rv_continuous_frozen object at 0x392639400>,0.0
184,96.5,WR,1.2270239416963455,WR80,tyler-lockett,0.11747523363796084,<scipy.stats._distn_infrastructure.rv_continuous_frozen object at 0x3926395b0>,0.0
185,105.2,RB,1.2264766259485316,RB108,ameer-abdullah,0.11743310384981903,<scipy.stats._distn_infrastructure.rv_continuous_frozen object at 0x392639760>,0.0
186,105.1,RB,1.2252867179680107,RB31,jaylen-warren,0.11734151033852722,<scipy.stats._distn_infrastructure.rv_continuous_frozen object at 0x392639910>,0.0
187,104.2,RB,1.2145775461433246,RB47,trey-benson,0.11651716873690102,<scipy.stats._distn_infrastructure.rv_continuous_frozen object at 0x392639ac0>,0.0
188,87.6,TE,1.1968276538065572,TE25,chig-okonkwo,0.11515086563549269,<scipy.stats._distn_infrastructure.rv_continuous_frozen object at 0x392639c70>,0.0
189,87.3,TE,1.1925468123171394,TE51,foster-moreau,0.11482134662249488,<scipy.stats._distn_infrastructure.rv_continuous_frozen object at 0x392639e20>,0.0
190,87.2,TE,1.1911198651540003,TE34,theo-johnson,0.11471150695149562,<scipy.stats._distn_infrastructure.rv_continuous_frozen object at 0x392639fd0>,0.0
191,94.1,WR,1.1907737621833059,WR53,matthew-golden,0.11468486557512586,<scipy.stats._distn_infrastructure.rv_continuous_frozen object at 0x39263a1b0>,0.0
192,86.1,TE,1.1754234463594675,TE48,austin-hooper,0.11350327057050358,<scipy.stats._distn_infrastructure.rv_continuous_frozen object at 0x39263a360>,0.0
193,92.8,WR,1.1711382482804096,WR85,pat-bryant,0.11317341620775695,<scipy.stats._distn_infrastructure.rv_continuous_frozen object at 0x39263a570>,0.0
194,85.1,TE,1.1611539747280741,TE40,will-dissly,0.11240487386051083,<scipy.stats._distn_infrastructure.rv_continuous_frozen object at 0x39263a720>,0.0
195,99.7,RB,1.1610316870198933,RB49,tyler-allgeier,0.11239546072876999,<scipy.stats._distn_infrastructure.rv_continuous_frozen object at 0x39263a8d0>,0.0
196,98.6,RB,1.1479426992341655,RB39,tyjae-spears,0.11138793210456018,<scipy.stats._distn_infrastructure.rv_continuous_frozen object at 0x39263aa80>,0.0
197,91.1,WR,1.1454610377920065,WR78,adonai-mitchell,0.11119690549658218,<scipy.stats._distn_infrastructure.rv_continuous_frozen object at 0x39263ac30>,0.0
198,83.9,TE,1.1440306087704024,TE33,harold-fannin-jr.,0.11108679780851954,<scipy.stats._distn_infrastructure.rv_continuous_frozen object at 0x39263ade0>,0.0
199,91.0,WR,1.1439506136456299,WR75,dontayvion-wicks,0.11108064016063073,<scipy.stats._distn_infrastructure.rv_continuous_frozen object at 0x39263af90>,0.0
200,91.0,WR,1.1439506136456299,WR88,roman-wilson,0.11108064016063073,<scipy.stats._distn_infrastructure.rv_continuous_frozen object at 0x39263b140>,0.0
201,90.8,WR,1.1409297653528765,WR105,christian-watson,0.11084810948872781,<scipy.stats._distn_infrastructure.rv_continuous_frozen object at 0x39263b2f0>,0.0
202,90.5,WR,1.1363984929137465,WR76,darius-slayton,0.11049931348087344,<scipy.stats._distn_infrastructure.rv_continuous_frozen object at 0x39263b4a0>,0.0
203,90.4,WR,1.1348880687673701,WR91,elijah-moore,0.110383048144922,<scipy.stats._distn_infrastructure.rv_continuous_frozen object at 0x39263b650>,0.0
204,89.9,WR,1.1273359480354868,WR136,olamide-zaccheaus,0.1098017214651647,<scipy.stats._distn_infrastructure.rv_continuous_frozen object at 0x39263b800>,0.0
205,82.6,TE,1.125480295649591,TE14,dallas-goedert,0.10965888208552896,<scipy.stats._distn_infrastructure.rv_continuous_frozen object at 0x39263b9b0>,0.0
206,89.0,WR,1.1137421307180968,WR100,jalen-nailor,0.10875533344160158,<scipy.stats._distn_infrastructure.rv_continuous_frozen object at 0x39263bb60>,0.0
207,88.7,WR,1.109210858278967,WR120,kavontae-turpin,0.10840653743374723,<scipy.stats._distn_infrastructure.rv_continuous_frozen object at 0x39263bd10>,0.0
208,87.9,WR,1.097127465107954,WR70,joshua-palmer,0.10747641474613559,<scipy.stats._distn_infrastructure.rv_continuous_frozen object at 0x39263bd70>,0.0
209,152.2,QB,1.0942834973472535,QB18,trevor-lawrence,0.10725749950439627,<scipy.stats._distn_infrastructure.rv_continuous_frozen object at 0x39263be90>,0.0
210,80.0,TE,1.0883796694079686,TE36,noah-fant,0.10680305063954783,<scipy.stats._distn_infrastructure.rv_continuous_frozen object at 0x39263c080>,0.0
211,78.8,TE,1.0712563034502967,TE13,dalton-kincaid,0.10548497458755653,<scipy.stats._distn_infrastructure.rv_continuous_frozen object at 0x39263c290>,0.0
212,86.0,WR,1.0684294063267974,WR87,devaughn-vele,0.1052673733630579,<scipy.stats._distn_infrastructure.rv_continuous_frozen object at 0x39263c5f0>,0.0
213,91.9,RB,1.068218864539279,RB78,antonio-gibson,0.10525116684800954,<scipy.stats._distn_infrastructure.rv_continuous_frozen object at 0x39263c7a0>,0.0
214,90.5,RB,1.0515601528119891,RB94,emanuel-wilson,0.10396885768992432,<scipy.stats._distn_infrastructure.rv_continuous_frozen object at 0x39263c950>,0.0
215,83.3,WR,1.0276479543746277,WR124,mack-hollins,0.10212820929236857,<scipy.stats._distn_infrastructure.rv_continuous_frozen object at 0x39263cb00>,0.0
216,143.1,QB,1.0268472959701391,QB41,jameis-winston,0.1020665783798838,<scipy.stats._distn_infrastructure.rv_continuous_frozen object at 0x39263ccb0>,0.0
217,142.3,QB,1.0209188387062171,QB31,daniel-jones,0.10161023366564095,<scipy.stats._distn_infrastructure.rv_continuous_frozen object at 0x39263ce60>,0.0
218,74.9,TE,1.015605364087863,TE11,jake-ferguson,0.10120122741858482,<scipy.stats._distn_infrastructure.rv_continuous_frozen object at 0x39263d010>,0.0
219,86.7,RB,1.0063436495522027,RB48,isaac-guerendo,0.10048830426083591,<scipy.stats._distn_infrastructure.rv_continuous_frozen object at 0x39263d1f0>,0.0
220,86.2,RB,1.0003941096495992,RB104,cam-akers,0.1000303367043769,<scipy.stats._distn_infrastructure.rv_continuous_frozen object at 0x39263d400>,0.0
221,54.8,TE,1.0,TE54,josh-oliver,0.1,<scipy.stats._distn_infrastructure.rv_continuous_frozen object at 0x39263d5b0>,0.0
222,5.3,TE,1.0,TE61,greg-dulcich,0.1,<scipy.stats._distn_infrastructure.rv_continuous_frozen object at 0x39263e570>,0.0
223,44.9,TE,1.0,TE52,tommy-tremble,0.1,<scipy.stats._distn_infrastructure.rv_continuous_frozen object at 0x39263e720>,0.0
224,47.8,TE,1.0,TE55,grant-calcaterra,0.1,<scipy.stats._distn_infrastructure.rv_continuous_frozen object at 0x39263e900>,0.0
225,16.0,TE,1.0,TE62,julian-hill,0.1,<scipy.stats._distn_infrastructure.rv_continuous_frozen object at 0x39263eab0>,0.0
226,19.5,TE,1.0,TE56,jeremy-ruckert,0.1,<scipy.stats._distn_infrastructure.rv_continuous_frozen object at 0x39263ec60>,0.0
227,43.6,TE,1.0,TE50,luke-schoonmaker,0.1,<scipy.stats._distn_infrastructure.rv_continuous_frozen object at 0x39263ee10>,0.0
228,70.1,TE,1.0,TE49,gunnar-helm,0.1,<scipy.stats._distn_infrastructure.rv_continuous_frozen object at 0x39263efc0>,0.0
229,63.5,TE,1.0,TE47,aj-barner,0.1,<scipy.stats._distn_infrastructure.rv_continuous_frozen object at 0x39263f170>,0.0
230,26.1,TE,1.0,TE46,michael-mayer,0.1,<scipy.stats._distn_infrastructure.rv_continuous_frozen object at 0x39263f320>,0.0
231,8.0,TE,1.0,TE45,luke-musgrave,0.1,<scipy.stats._distn_infrastructure.rv_continuous_frozen object at 0x39263f4d0>,0.0
232,39.2,TE,1.0,TE57,elijah-higgins,0.1,<scipy.stats._distn_infrastructure.rv_continuous_frozen object at 0x39263f680>,0.0
233,48.1,TE,1.0,TE44,dawson-knox,0.1,<scipy.stats._distn_infrastructure.rv_continuous_frozen object at 0x39263f830>,0.0
234,43.0,TE,1.0,TE37,terrance-ferguson,0.1,<scipy.stats._distn_infrastructure.rv_continuous_frozen object at 0x39263f9e0>,0.0
235,22.6,TE,1.0,TE42,tyler-higbee,0.1,<scipy.stats._distn_infrastructure.rv_continuous_frozen object at 0x39263fb90>,0.0
236,30.3,RB,1.0,RB122,michael-carter,0.1,<scipy.stats._distn_infrastructure.rv_continuous_frozen object at 0x39263fd40>,0.0
237,11.3,TE,1.0,TE41,ben-sinnott,0.1,<scipy.stats._distn_infrastructure.rv_continuous_frozen object at 0x39263fda0>,0.0
238,20.9,TE,1.0,TE60,mitchell-evans,0.1,<scipy.stats._distn_infrastructure.rv_continuous_frozen object at 0x39263fec0>,0.0
239,35.5,TE,1.0,TE59,darnell-washington,0.1,<scipy.stats._distn_infrastructure.rv_continuous_frozen object at 0x394234080>,0.0
240,47.8,TE,1.0,TE39,oronde-gadsden-ii,0.1,<scipy.stats._distn_infrastructure.rv_continuous_frozen object at 0x394234290>,0.0
241,52.0,TE,1.0,TE38,darren-waller,0.1,<scipy.stats._distn_infrastructure.rv_continuous_frozen object at 0x394234650>,0.0
242,26.8,TE,1.0,TE58,stone-smartt,0.1,<scipy.stats._distn_infrastructure.rv_continuous_frozen object at 0x394234800>,0.0
243,26.8,TE,1.0,TE53,cade-stover,0.1,<scipy.stats._distn_infrastructure.rv_continuous_frozen object at 0x3942349b0>,0.0
244,0.0,RB,1.0,RB139,dylan-laube,0.1,<scipy.stats._distn_infrastructure.rv_continuous_frozen object at 0x394234b60>,0.0
245,7.9,RB,1.0,RB123,tyler-badie,0.1,<scipy.stats._distn_infrastructure.rv_continuous_frozen object at 0x394234d10>,0.0
246,4.9,RB,1.0,RB146,travis-homer,0.1,<scipy.stats._distn_infrastructure.rv_continuous_frozen object at 0x394234ec0>,0.0
247,6.0,RB,1.0,RB152,kene-nwangwu,0.1,<scipy.stats._distn_infrastructure.rv_continuous_frozen object at 0x394235070>,0.0
248,20.4,RB,1.0,RB135,carson-steele,0.1,<scipy.stats._distn_infrastructure.rv_continuous_frozen object at 0x394235220>,0.0
249,15.7,RB,1.0,RB151,patrick-ricard,0.1,<scipy.stats._distn_infrastructure.rv_continuous_frozen object at 0x3942353d0>,0.0
250,6.5,RB,1.0,RB150,israel-abanikanda,0.1,<scipy.stats._distn_infrastructure.rv_continuous_frozen object at 0x394235580>,0.0
251,1.4,RB,1.0,RB149,cody-schrader,0.1,<scipy.stats._distn_infrastructure.rv_continuous_frozen object at 0x394235730>,0.0
252,2.8,RB,1.0,RB148,blake-watson,0.1,<scipy.stats._distn_infrastructure.rv_continuous_frozen object at 0x3942358e0>,0.0
253,3.6,RB,1.0,RB147,trayveon-williams,0.1,<scipy.stats._distn_infrastructure.rv_continuous_frozen object at 0x394235a90>,0.0
254,5.4,RB,1.0,RB145,keilan-robinson,0.1,<scipy.stats._distn_infrastructure.rv_continuous_frozen object at 0x394235c40>,0.0
255,2.8,RB,1.0,RB154,carlos-washington-jr.,0.1,<scipy.stats._distn_infrastructure.rv_continuous_frozen object at 0x394235df0>,0.0
256,21.8,RB,1.0,RB136,jawhar-jordan,0.1,<scipy.stats._distn_infrastructure.rv_continuous_frozen object at 0x394235fa0>,0.0
257,3.1,RB,1.0,RB137,rasheen-ali,0.1,<scipy.stats._distn_infrastructure.rv_continuous_frozen object at 0x394236150>,0.0
258,8.0,RB,1.0,RB144,raheem-blackshear,0.1,<scipy.stats._distn_infrastructure.rv_continuous_frozen object at 0x394236300>,0.0
259,8.5,RB,1.0,RB143,lan-larison,0.1,<scipy.stats._distn_infrastructure.rv_continuous_frozen object at 0x3942364b0>,0.0
260,19.5,RB,1.0,RB142,deejay-dallas,0.1,<scipy.stats._distn_infrastructure.rv_continuous_frozen object at 0x394236660>,0.0
261,6.6,RB,1.0,RB141,sione-vaki,0.1,<scipy.stats._distn_infrastructure.rv_continuous_frozen object at 0x394236810>,0.0
262,24.3,RB,1.0,RB140,michael-burton,0.1,<scipy.stats._distn_infrastructure.rv_continuous_frozen object at 0x3942369c0>,0.0
263,5.4,RB,1.0,RB153,evan-hull,0.1,<scipy.stats._distn_infrastructure.rv_continuous_frozen object at 0x394236b70>,0.0
264,2.0,RB,1.0,RB155,troy-hairston-ii,0.1,<scipy.stats._distn_infrastructure.rv_continuous_frozen object at 0x394236d20>,0.0
265,12.3,RB,1.0,RB124,julius-chestnut,0.1,<scipy.stats._distn_infrastructure.rv_continuous_frozen object at 0x394236ed0>,0.0
266,20.9,RB,1.0,RB130,hunter-luepke,0.1,<scipy.stats._distn_infrastructure.rv_continuous_frozen object at 0x394237080>,0.0
267,120.1,QB,1.0,QB11,justin-fields,0.1,<scipy.stats._distn_infrastructure.rv_continuous_frozen object at 0x394237230>,0.0
268,10.3,RB,1.0,RB125,deuce-vaughn,0.1,<scipy.stats._distn_infrastructure.rv_continuous_frozen object at 0x3942373e0>,0.0
269,28.3,RB,1.0,RB126,patrick-taylor-jr.,0.1,<scipy.stats._distn_infrastructure.rv_continuous_frozen object at 0x3942375c0>,0.0
270,31.5,RB,1.0,RB127,cordarrelle-patterson,0.1,<scipy.stats._distn_infrastructure.rv_continuous_frozen object at 0x394237770>,0.0
271,124.5,QB,1.0,QB12,dak-prescott,0.1,<scipy.stats._distn_infrastructure.rv_continuous_frozen object at 0x394237920>,0.0
272,28.0,RB,1.0,RB128,ronnie-rivers,0.1,<scipy.stats._distn_infrastructure.rv_continuous_frozen object at 0x394237ad0>,0.0
273,31.3,RB,1.0,RB129,hassan-haskins,0.1,<scipy.stats._distn_infrastructure.rv_continuous_frozen object at 0x394237c80>,0.0
274,12.3,RB,1.0,RB138,eric-gray,0.1,<scipy.stats._distn_infrastructure.rv_continuous_frozen object at 0x394237ce0>,0.0
275,3.6,RB,1.0,RB156,frank-gore-jr.,0.1,<scipy.stats._distn_infrastructure.rv_continuous_frozen object at 0x394237e00>,0.0
276,46.5,RB,1.0,RB131,dare-ogunbowale,0.1,<scipy.stats._distn_infrastructure.rv_continuous_frozen object at 0x394238080>,0.0
277,66.0,TE,1.0,TE9,evan-engram,0.1,<scipy.stats._distn_infrastructure.rv_continuous_frozen object at 0x394238380>,0.0
278,32.5,RB,1.0,RB132,chris-tyree,0.1,<scipy.stats._distn_infrastructure.rv_continuous_frozen object at 0x394238530>,0.0
279,11.0,RB,1.0,RB133,c.j.-ham,0.1,<scipy.stats._distn_infrastructure.rv_continuous_frozen object at 0x394238710>,0.0
280,37.3,TE,1.0,TE64,adam-trautman,0.1,<scipy.stats._distn_infrastructure.rv_continuous_frozen object at 0x3942388f0>,0.0
281,51.5,RB,1.0,RB134,ezekiel-elliott,0.1,<scipy.stats._distn_infrastructure.rv_continuous_frozen object at 0x394238aa0>,0.0
282,3.4,RB,1.0,RB157,jakob-johnson,0.1,<scipy.stats._distn_infrastructure.rv_continuous_frozen object at 0x394238c50>,0.0
283,35.7,TE,1.0,TE63,johnny-mundt,0.1,<scipy.stats._distn_infrastructure.rv_continuous_frozen object at 0x394238e00>,0.0
284,9.5,TE,1.0,TE88,jake-briningstool,0.1,<scipy.stats._distn_infrastructure.rv_continuous_frozen object at 0x394238fb0>,0.0
285,50.4,TE,1.0,TE65,colby-parkinson,0.1,<scipy.stats._distn_infrastructure.rv_continuous_frozen object at 0x394239160>,0.0
286,104.8,K,1.0,K31,matthew-wright,0.1,<scipy.stats._distn_infrastructure.rv_continuous_frozen object at 0x394239310>,0.0
287,45.1,K,1.0,K44,ben-sauls,0.1,<scipy.stats._distn_infrastructure.rv_continuous_frozen object at 0x3942394c0>,0.0
288,33.0,K,1.0,K43,alex-hale,0.1,<scipy.stats._distn_infrastructure.rv_continuous_frozen object at 0x394239670>,0.0
289,66.0,K,1.0,K42,greg-joseph,0.1,<scipy.stats._distn_infrastructure.rv_continuous_frozen object at 0x394239820>,0.0
290,62.0,K,1.0,K41,anders-carlson,0.1,<scipy.stats._distn_infrastructure.rv_continuous_frozen object at 0x3942399d0>,0.0
291,52.3,K,1.0,K40,caden-davis,0.1,<scipy.stats._distn_infrastructure.rv_continuous_frozen object at 0x394239b80>,0.0
292,46.0,K,1.0,K39,parker-romo,0.1,<scipy.stats._distn_infrastructure.rv_continuous_frozen object at 0x394239d30>,0.0
293,35.3,K,1.0,K38,ryan-fitzgerald,0.1,<scipy.stats._distn_infrastructure.rv_continuous_frozen object at 0x394239ee0>,0.0
294,41.0,K,1.0,K37,greg-zuerlein,0.1,<scipy.stats._distn_infrastructure.rv_continuous_frozen object at 0x39423a090>,0.0
295,54.2,K,1.0,K36,harrison-mevis,0.1,<scipy.stats._distn_infrastructure.rv_continuous_frozen object at 0x39423a240>,0.0
296,33.0,K,1.0,K35,matt-prater,0.1,<scipy.stats._distn_infrastructure.rv_continuous_frozen object at 0x39423a3f0>,0.0
297,143.0,K,1.0,K34,justin-tucker,0.1,<scipy.stats._distn_infrastructure.rv_continuous_frozen object at 0x39423a5a0>,0.0
298,107.0,K,1.0,K33,eddy-pineiro,0.1,<scipy.stats._distn_infrastructure.rv_continuous_frozen object at 0x39423a750>,0.0
299,108.0,K,1.0,K32,nick-folk,0.1,<scipy.stats._distn_infrastructure.rv_continuous_frozen object at 0x39423a900>,0.0
300,84.0,K,1.0,K30,dustin-hopkins,0.1,<scipy.stats._distn_infrastructure.rv_continuous_frozen object at 0x39423aab0>,0.0
301,179.0,DST,1.0,DST1,denver-broncos,0.1,<scipy.stats._distn_infrastructure.rv_continuous_frozen object at 0x39423ac60>,0.0
302,120.0,K,1.0,K29,joey-slye,0.1,<scipy.stats._distn_infrastructure.rv_continuous_frozen object at 0x39423ae10>,0.0
303,102.3,K,1.0,K28,spencer-shrader,0.1,<scipy.stats._distn_infrastructure.rv_continuous_frozen object at 0x39423afc0>,0.0
304,80.2,K,1.0,K27,andy-borregales,0.1,<scipy.stats._distn_infrastructure.rv_continuous_frozen object at 0x39423b170>,0.0
305,125.0,K,1.0,K26,chad-ryland,0.1,<scipy.stats._distn_infrastructure.rv_continuous_frozen object at 0x39423b320>,0.0
306,111.3,K,1.0,K25,graham-gano,0.1,<scipy.stats._distn_infrastructure.rv_continuous_frozen object at 0x39423b4d0>,0.0
307,131.0,K,1.0,K24,blake-grupe,0.1,<scipy.stats._distn_infrastructure.rv_continuous_frozen object at 0x39423b680>,0.0
308,109.0,K,1.0,K23,cairo-santos,0.1,<scipy.stats._distn_infrastructure.rv_continuous_frozen object at 0x39423b830>,0.0
309,126.0,K,1.0,K22,cam-little,0.1,<scipy.stats._distn_infrastructure.rv_continuous_frozen object at 0x39423b9e0>,0.0
310,118.0,K,1.0,K21,jake-moody,0.1,<scipy.stats._distn_infrastructure.rv_continuous_frozen object at 0x39423bb90>,0.0
311,140.0,K,1.0,K20,jason-myers,0.1,<scipy.stats._distn_infrastructure.rv_continuous_frozen object at 0x39423bd40>,0.0
312,133.5,K,1.0,K19,brandon-mcmanus,0.1,<scipy.stats._distn_infrastructure.rv_continuous_frozen object at 0x39423bda0>,0.0
313,145.0,K,1.0,K18,daniel-carlson,0.1,<scipy.stats._distn_infrastructure.rv_continuous_frozen object at 0x39423bec0>,0.0
314,131.0,K,1.0,K17,will-reichard,0.1,<scipy.stats._distn_infrastructure.rv_continuous_frozen object at 0x394240080>,0.0
315,51.5,K,1.0,K45,jude-mcatamney,0.1,<scipy.stats._distn_infrastructure.rv_continuous_frozen object at 0x394240290>,0.0
316,135.0,DST,1.0,DST2,philadelphia-eagles,0.1,<scipy.stats._distn_infrastructure.rv_continuous_frozen object at 0x3942405f0>,0.0
317,1.7,TE,1.0,TE66,brevin-jordan,0.1,<scipy.stats._distn_infrastructure.rv_continuous_frozen object at 0x3942407a0>,0.0
318,101.0,DST,1.0,DST18,arizona-cardinals,0.1,<scipy.stats._distn_infrastructure.rv_continuous_frozen object at 0x394240950>,0.0
319,72.0,DST,1.0,DST31,tennessee-titans,0.1,<scipy.stats._distn_infrastructure.rv_continuous_frozen object at 0x394240b00>,0.0
320,71.0,DST,1.0,DST30,las-vegas-raiders,0.1,<scipy.stats._distn_infrastructure.rv_continuous_frozen object at 0x394240cb0>,0.0
321,71.0,DST,1.0,DST29,jacksonville-jaguars,0.1,<scipy.stats._distn_infrastructure.rv_continuous_frozen object at 0x394240e60>,0.0
322,98.0,DST,1.0,DST28,new-orleans-saints,0.1,<scipy.stats._distn_infrastructure.rv_continuous_frozen object at 0x394241010>,0.0
323,104.0,DST,1.0,DST27,cincinnati-bengals,0.1,<scipy.stats._distn_infrastructure.rv_continuous_frozen object at 0x3942411c0>,0.0
324,91.0,DST,1.0,DST26,indianapolis-colts,0.1,<scipy.stats._distn_infrastructure.rv_continuous_frozen object at 0x394241370>,0.0
325,97.0,DST,1.0,DST25,atlanta-falcons,0.1,<scipy.stats._distn_infrastructure.rv_continuous_frozen object at 0x394241520>,0.0
326,92.2,DST,1.0,DST24,miami-dolphins,0.1,<scipy.stats._distn_infrastructure.rv_continuous_frozen object at 0x3942416d0>,0.0
327,90.0,DST,1.0,DST23,washington-commanders,0.1,<scipy.stats._distn_infrastructure.rv_continuous_frozen object at 0x394241880>,0.0
328,91.0,DST,1.0,DST22,new-york-giants,0.1,<scipy.stats._distn_infrastructure.rv_continuous_frozen object at 0x394241a30>,0.0
329,121.0,DST,1.0,DST21,chicago-bears,0.1,<scipy.stats._distn_infrastructure.rv_continuous_frozen object at 0x394241be0>,0.0
330,81.0,DST,1.0,DST20,cleveland-browns,0.1,<scipy.stats._distn_infrastructure.rv_continuous_frozen object at 0x394241d90>,0.0
331,63.0,DST,1.0,DST19,new-england-patriots,0.1,<scipy.stats._distn_infrastructure.rv_continuous_frozen object at 0x394241f40>,0.0
332,104.0,DST,1.0,DST17,tampa-bay-buccaneers,0.1,<scipy.stats._distn_infrastructure.rv_continuous_frozen object at 0x3942420f0>,0.0
333,120.0,DST,1.0,DST3,baltimore-ravens,0.1,<scipy.stats._distn_infrastructure.rv_continuous_frozen object at 0x3942422a0>,0.0
334,111.0,DST,1.0,DST16,dallas-cowboys,0.1,<scipy.stats._distn_infrastructure.rv_continuous_frozen object at 0x394242450>,0.0
335,95.0,DST,1.0,DST15,new-york-jets,0.1,<scipy.stats._distn_infrastructure.rv_continuous_frozen object at 0x394242600>,0.0
336,84.0,DST,1.0,DST14,san-francisco-49ers,0.1,<scipy.stats._distn_infrastructure.rv_continuous_frozen object at 0x3942427b0>,0.0
337,148.0,DST,1.0,DST13,green-bay-packers,0.1,<scipy.stats._distn_infrastructure.rv_continuous_frozen object at 0x394242960>,0.0
338,136.0,DST,1.0,DST12,seattle-seahawks,0.1,<scipy.stats._distn_infrastructure.rv_continuous_frozen object at 0x394242b10>,0.0
339,118.0,DST,1.0,DST11,los-angeles-rams,0.1,<scipy.stats._distn_infrastructure.rv_continuous_frozen object at 0x394242cc0>,0.0
340,128.0,DST,1.0,DST10,los-angeles-chargers,0.1,<scipy.stats._distn_infrastructure.rv_continuous_frozen object at 0x394242e70>,0.0
341,123.0,DST,1.0,DST9,detroit-lions,0.1,<scipy.stats._distn_infrastructure.rv_continuous_frozen object at 0x394243020>,0.0
342,130.8,DST,1.0,DST8,kansas-city-chiefs,0.1,<scipy.stats._distn_infrastructure.rv_continuous_frozen object at 0x3942431d0>,0.0
343,133.0,DST,1.0,DST7,buffalo-bills,0.1,<scipy.stats._distn_infrastructure.rv_continuous_frozen object at 0x394243380>,0.0
344,139.0,DST,1.0,DST6,houston-texans,0.1,<scipy.stats._distn_infrastructure.rv_continuous_frozen object at 0x394243530>,0.0
345,162.0,DST,1.0,DST5,minnesota-vikings,0.1,<scipy.stats._distn_infrastructure.rv_continuous_frozen object at 0x3942436e0>,0.0
346,146.0,DST,1.0,DST4,pittsburgh-steelers,0.1,<scipy.stats._distn_infrastructure.rv_continuous_frozen object at 0x394243890>,0.0
347,132.8,K,1.0,K16,tyler-loop,0.1,<scipy.stats._distn_infrastructure.rv_continuous_frozen object at 0x394243a70>,0.0
348,135.0,K,1.0,K15,joshua-karty,0.1,<scipy.stats._distn_infrastructure.rv_continuous_frozen object at 0x394243c50>,0.0
349,120.0,K,1.0,K14,younghoe-koo,0.1,<scipy.stats._distn_infrastructure.rv_continuous_frozen object at 0x394243ce0>,0.0
350,23.8,TE,1.0,TE81,charlie-kolar,0.1,<scipy.stats._distn_infrastructure.rv_continuous_frozen object at 0x394243e30>,0.0
351,3.0,TE,1.0,TE94,jaheim-bell,0.1,<scipy.stats._distn_infrastructure.rv_continuous_frozen object at 0x394244080>,0.0
352,2.2,TE,1.0,TE93,ian-thomas,0.1,<scipy.stats._distn_infrastructure.rv_continuous_frozen object at 0x3942443e0>,0.0
353,26.7,TE,1.0,TE92,mo-alie-cox,0.1,<scipy.stats._distn_infrastructure.rv_continuous_frozen object at 0x394244590>,0.0
354,9.6,TE,1.0,TE91,robbie-ouzts,0.1,<scipy.stats._distn_infrastructure.rv_continuous_frozen object at 0x394244740>,0.0
355,8.5,TE,1.0,TE90,pharaoh-brown,0.1,<scipy.stats._distn_infrastructure.rv_continuous_frozen object at 0x3942448f0>,0.0
356,8.6,TE,1.0,TE89,jared-wiley,0.1,<scipy.stats._distn_infrastructure.rv_continuous_frozen object at 0x394244aa0>,0.0
357,29.9,RB,1.0,RB120,d'ernest-johnson,0.1,<scipy.stats._distn_infrastructure.rv_continuous_frozen object at 0x394244c50>,0.0
358,6.9,TE,1.0,TE87,davis-allen,0.1,<scipy.stats._distn_infrastructure.rv_continuous_frozen object at 0x394244e60>,0.0
359,21.4,TE,1.0,TE86,drew-ogletree,0.1,<scipy.stats._distn_infrastructure.rv_continuous_frozen object at 0x394245070>,0.0
360,26.5,TE,1.0,TE85,drew-sample,0.1,<scipy.stats._distn_infrastructure.rv_continuous_frozen object at 0x394245250>,0.0
361,22.8,TE,1.0,TE84,charlie-woerner,0.1,<scipy.stats._distn_infrastructure.rv_continuous_frozen object at 0x394245400>,0.0
362,25.8,TE,1.0,TE83,erick-all-jr.,0.1,<scipy.stats._distn_infrastructure.rv_continuous_frozen object at 0x3942455b0>,0.0
363,17.6,TE,1.0,TE82,thomas-fidone-ii,0.1,<scipy.stats._distn_infrastructure.rv_continuous_frozen object at 0x394245760>,0.0
364,12.7,TE,1.0,TE80,luke-farrell,0.1,<scipy.stats._distn_infrastructure.rv_continuous_frozen object at 0x394245910>,0.0
365,166.0,K,1.0,K13,jason-sanders,0.1,<scipy.stats._distn_infrastructure.rv_continuous_frozen object at 0x394245ac0>,0.0
366,4.9,TE,1.0,TE79,will-mallory,0.1,<scipy.stats._distn_infrastructure.rv_continuous_frozen object at 0x394245c70>,0.0
367,13.3,TE,1.0,TE78,brevyn-spann-ford,0.1,<scipy.stats._distn_infrastructure.rv_continuous_frozen object at 0x394245e20>,0.0
368,14.0,TE,1.0,TE77,luke-lachey,0.1,<scipy.stats._distn_infrastructure.rv_continuous_frozen object at 0x394246000>,0.0
369,9.5,TE,1.0,TE76,hunter-long,0.1,<scipy.stats._distn_infrastructure.rv_continuous_frozen object at 0x3942461b0>,0.0
370,28.5,TE,1.0,TE75,brock-wright,0.1,<scipy.stats._distn_infrastructure.rv_continuous_frozen object at 0x394246390>,0.0
371,26.1,TE,1.0,TE74,jelani-woods,0.1,<scipy.stats._distn_infrastructure.rv_continuous_frozen object at 0x394246540>,0.0
372,19.5,TE,1.0,TE73,daniel-bellinger,0.1,<scipy.stats._distn_infrastructure.rv_continuous_frozen object at 0x3942466f0>,0.0
373,46.8,TE,1.0,TE72,josh-whyle,0.1,<scipy.stats._distn_infrastructure.rv_continuous_frozen object at 0x3942468a0>,0.0
374,13.1,TE,1.0,TE71,harrison-bryant,0.1,<scipy.stats._distn_infrastructure.rv_continuous_frozen object at 0x394246a50>,0.0
375,25.2,TE,1.0,TE70,kylen-granson,0.1,<scipy.stats._distn_infrastructure.rv_continuous_frozen object at 0x394246c00>,0.0
376,29.0,TE,1.0,TE69,payne-durham,0.1,<scipy.stats._distn_infrastructure.rv_continuous_frozen object at 0x394246db0>,0.0
377,29.0,TE,1.0,TE68,tanner-hudson,0.1,<scipy.stats._distn_infrastructure.rv_continuous_frozen object at 0x394246f60>,0.0
378,10.4,TE,1.0,TE67,john-bates,0.1,<scipy.stats._distn_infrastructure.rv_continuous_frozen object at 0x394247110>,0.0
379,36.5,TE,1.0,TE95,nate-adkins,0.1,<scipy.stats._distn_infrastructure.rv_continuous_frozen object at 0x3942472c0>,0.0
380,24.7,TE,1.0,TE96,lucas-krull,0.1,<scipy.stats._distn_infrastructure.rv_continuous_frozen object at 0x394247470>,0.0
381,6.7,TE,1.0,TE97,tip-reiman,0.1,<scipy.stats._distn_infrastructure.rv_continuous_frozen object at 0x394247620>,0.0
382,9.8,TE,1.0,TE98,durham-smythe,0.1,<scipy.stats._distn_infrastructure.rv_continuous_frozen object at 0x3942477d0>,0.0
383,139.0,K,1.0,K12,matt-gay,0.1,<scipy.stats._distn_infrastructure.rv_continuous_frozen object at 0x394247980>,0.0
384,141.0,K,1.0,K11,jake-elliott,0.1,<scipy.stats._distn_infrastructure.rv_continuous_frozen object at 0x394247b30>,0.0
385,154.2,K,1.0,K10,evan-mcpherson,0.1,<scipy.stats._distn_infrastructure.rv_continuous_frozen object at 0x394247ce0>,0.0
386,146.0,K,1.0,K9,tyler-bass,0.1,<scipy.stats._distn_infrastructure.rv_continuous_frozen object at 0x394247d40>,0.0
387,191.0,K,1.0,K8,chris-boswell,0.1,<scipy.stats._distn_infrastructure.rv_continuous_frozen object at 0x394247e30>,0.0
388,172.0,K,1.0,K7,ka'imi-fairbairn,0.1,<scipy.stats._distn_infrastructure.rv_continuous_frozen object at 0x394248080>,0.0
389,171.8,K,1.0,K6,harrison-butker,0.1,<scipy.stats._distn_infrastructure.rv_continuous_frozen object at 0x3942483e0>,0.0
390,164.0,K,1.0,K5,chase-mclaughlin,0.1,<scipy.stats._distn_infrastructure.rv_continuous_frozen object at 0x394248590>,0.0
391,160.0,K,1.0,K4,wil-lutz,0.1,<scipy.stats._distn_infrastructure.rv_continuous_frozen object at 0x394248740>,0.0
392,179.0,K,1.0,K3,cameron-dicker,0.1,<scipy.stats._distn_infrastructure.rv_continuous_frozen object at 0x3942488f0>,0.0
393,161.0,K,1.0,K2,jake-bates,0.1,<scipy.stats._distn_infrastructure.rv_continuous_frozen object at 0x394248aa0>,0.0
394,192.0,K,1.0,K1,brandon-aubrey,0.1,<scipy.stats._distn_infrastructure.rv_continuous_frozen object at 0x394248c50>,0.0
395,4.2,TE,1.0,TE113,moliki-matavao,0.1,<scipy.stats._distn_infrastructure.rv_continuous_frozen object at 0x394248e00>,0.0
396,7.4,TE,1.0,TE112,tucker-fisk,0.1,<scipy.stats._distn_infrastructure.rv_continuous_frozen object at 0x394248fb0>,0.0
397,3.4,TE,1.0,TE111,caleb-lohner,0.1,<scipy.stats._distn_infrastructure.rv_continuous_frozen object at 0x394249160>,0.0
398,4.0,TE,1.0,TE110,brayden-willis,0.1,<scipy.stats._distn_infrastructure.rv_continuous_frozen object at 0x394249310>,0.0
399,2.2,TE,1.0,TE109,teagan-quitoriano,0.1,<scipy.stats._distn_infrastructure.rv_continuous_frozen object at 0x3942494c0>,0.0
400,6.2,TE,1.0,TE108,ben-sims,0.1,<scipy.stats._distn_infrastructure.rv_continuous_frozen object at 0x3942496a0>,0.0
401,2.7,TE,1.0,TE107,shane-zylstra,0.1,<scipy.stats._distn_infrastructure.rv_continuous_frozen object at 0x394249850>,0.0
402,10.5,TE,1.0,TE106,chris-manhertz,0.1,<scipy.stats._distn_infrastructure.rv_continuous_frozen object at 0x394249a00>,0.0
403,6.2,TE,1.0,TE105,tanner-mclachlan,0.1,<scipy.stats._distn_infrastructure.rv_continuous_frozen object at 0x394249bb0>,0.0
404,8.7,TE,1.0,TE104,jackson-hawes,0.1,<scipy.stats._distn_infrastructure.rv_continuous_frozen object at 0x394249d60>,0.0
405,3.1,TE,1.0,TE103,tanner-conner,0.1,<scipy.stats._distn_infrastructure.rv_continuous_frozen object at 0x394249f10>,0.0
406,21.2,TE,1.0,TE102,eric-saubert,0.1,<scipy.stats._distn_infrastructure.rv_continuous_frozen object at 0x39424a0f0>,0.0
407,12.2,TE,1.0,TE101,gavin-bartholomew,0.1,<scipy.stats._distn_infrastructure.rv_continuous_frozen object at 0x39424a2d0>,0.0
408,11.3,TE,1.0,TE100,devin-culp,0.1,<scipy.stats._distn_infrastructure.rv_continuous_frozen object at 0x39424a480>,0.0
409,13.0,TE,1.0,TE99,connor-heyward,0.1,<scipy.stats._distn_infrastructure.rv_continuous_frozen object at 0x39424a630>,0.0
410,20.8,RB,1.0,RB121,alec-ingold,0.1,<scipy.stats._distn_infrastructure.rv_continuous_frozen object at 0x39424a7e0>,0.0
411,51.3,RB,1.0,RB84,jordan-james,0.1,<scipy.stats._distn_infrastructure.rv_continuous_frozen object at 0x39424a990>,0.0
412,38.9,RB,1.0,RB119,tyler-goodson,0.1,<scipy.stats._distn_infrastructure.rv_continuous_frozen object at 0x39424ab70>,0.0
413,10.2,WR,1.0,WR133,jalin-hyatt,0.1,<scipy.stats._distn_infrastructure.rv_continuous_frozen object at 0x39424ad20>,0.0
414,8.0,WR,1.0,WR160,michael-gallup,0.1,<scipy.stats._distn_infrastructure.rv_continuous_frozen object at 0x39424aed0>,0.0
415,16.0,WR,1.0,WR159,jimmy-horn-jr.,0.1,<scipy.stats._distn_infrastructure.rv_continuous_frozen object at 0x39424b0b0>,0.0
416,12.3,WR,1.0,WR158,johnny-wilson,0.1,<scipy.stats._distn_infrastructure.rv_continuous_frozen object at 0x39424b260>,0.0
417,48.1,WR,1.0,WR157,tyler-johnson,0.1,<scipy.stats._distn_infrastructure.rv_continuous_frozen object at 0x39424b410>,0.0
418,5.5,WR,1.0,WR156,treylon-burks,0.1,<scipy.stats._distn_infrastructure.rv_continuous_frozen object at 0x39424b5c0>,0.0
419,33.6,WR,1.0,WR155,derius-davis,0.1,<scipy.stats._distn_infrastructure.rv_continuous_frozen object at 0x39424b770>,0.0
420,23.2,WR,1.0,WR154,jake-bobo,0.1,<scipy.stats._distn_infrastructure.rv_continuous_frozen object at 0x39424b920>,0.0
421,22.3,WR,1.0,WR153,bub-means,0.1,<scipy.stats._distn_infrastructure.rv_continuous_frozen object at 0x39424bad0>,0.0
422,23.8,WR,1.0,WR152,jordan-watkins,0.1,<scipy.stats._distn_infrastructure.rv_continuous_frozen object at 0x39424bc80>,0.0
423,48.0,WR,1.0,WR151,kalif-raymond,0.1,<scipy.stats._distn_infrastructure.rv_continuous_frozen object at 0x39424bce0>,0.0
424,1.7,WR,1.0,WR150,javon-baker,0.1,<scipy.stats._distn_infrastructure.rv_continuous_frozen object at 0x39424be00>,0.0
425,8.6,WR,1.0,WR149,devontez-walker,0.1,<scipy.stats._distn_infrastructure.rv_continuous_frozen object at 0x39434c080>,0.0
426,28.6,WR,1.0,WR148,khadarel-hodge,0.1,<scipy.stats._distn_infrastructure.rv_continuous_frozen object at 0x39434c380>,0.0
427,16.2,WR,1.0,WR147,arian-smith,0.1,<scipy.stats._distn_infrastructure.rv_continuous_frozen object at 0x39434c530>,0.0
428,12.4,WR,1.0,WR146,zay-jones,0.1,<scipy.stats._distn_infrastructure.rv_continuous_frozen object at 0x39434c6e0>,0.0
429,15.0,WR,1.0,WR145,hunter-renfrow,0.1,<scipy.stats._distn_infrastructure.rv_continuous_frozen object at 0x39434c890>,0.0
430,44.1,WR,1.0,WR144,juju-smith-schuster,0.1,<scipy.stats._distn_infrastructure.rv_continuous_frozen object at 0x39434ca40>,0.0
431,3.7,WR,1.0,WR143,malachi-corley,0.1,<scipy.stats._distn_infrastructure.rv_continuous_frozen object at 0x39434cbf0>,0.0
432,23.7,WR,1.0,WR142,jonathan-mingo,0.1,<scipy.stats._distn_infrastructure.rv_continuous_frozen object at 0x39434cda0>,0.0
433,28.3,WR,1.0,WR141,robert-woods,0.1,<scipy.stats._distn_infrastructure.rv_continuous_frozen object at 0x39434cf50>,0.0
434,38.0,WR,1.0,WR140,antwane-wells-jr.,0.1,<scipy.stats._distn_infrastructure.rv_continuous_frozen object at 0x39434d100>,0.0
435,51.6,WR,1.0,WR139,van-jefferson,0.1,<scipy.stats._distn_infrastructure.rv_continuous_frozen object at 0x39434d2e0>,0.0
436,48.2,WR,1.0,WR138,theo-wease-jr.,0.1,<scipy.stats._distn_infrastructure.rv_continuous_frozen object at 0x39434d490>,0.0
437,51.1,WR,1.0,WR137,kendrick-bourne,0.1,<scipy.stats._distn_infrastructure.rv_continuous_frozen object at 0x39434d640>,0.0
438,26.7,WR,1.0,WR135,ja'lynn-polk,0.1,<scipy.stats._distn_infrastructure.rv_continuous_frozen object at 0x39434d7f0>,0.0
439,3.7,WR,1.0,WR161,jamari-thrash,0.1,<scipy.stats._distn_infrastructure.rv_continuous_frozen object at 0x39434d9a0>,0.0
440,2.9,WR,1.0,WR162,efton-chism-iii,0.1,<scipy.stats._distn_infrastructure.rv_continuous_frozen object at 0x39434db50>,0.0
441,11.6,WR,1.0,WR163,kaden-prather,0.1,<scipy.stats._distn_infrastructure.rv_continuous_frozen object at 0x39434dd00>,0.0
442,11.4,WR,1.0,WR177,xavier-gipson,0.1,<scipy.stats._distn_infrastructure.rv_continuous_frozen object at 0x39434deb0>,0.0
443,30.8,WR,1.0,WR188,tylan-wallace,0.1,<scipy.stats._distn_infrastructure.rv_continuous_frozen object at 0x39434e060>,0.0
444,5.2,WR,1.0,WR187,xavier-smith,0.1,<scipy.stats._distn_infrastructure.rv_continuous_frozen object at 0x39434e210>,0.0
445,42.1,WR,1.0,WR186,nelson-agholor,0.1,<scipy.stats._distn_infrastructure.rv_continuous_frozen object at 0x39434e3c0>,0.0
446,20.0,WR,1.0,WR185,brennan-eagles,0.1,<scipy.stats._distn_infrastructure.rv_continuous_frozen object at 0x39434e570>,0.0
447,30.2,WR,1.0,WR184,austin-trammell,0.1,<scipy.stats._distn_infrastructure.rv_continuous_frozen object at 0x39434e720>,0.0
448,29.7,WR,1.0,WR183,jalen-brooks,0.1,<scipy.stats._distn_infrastructure.rv_continuous_frozen object at 0x39434e8d0>,0.0
449,29.2,WR,1.0,WR182,trey-palmer,0.1,<scipy.stats._distn_infrastructure.rv_continuous_frozen object at 0x39434ea80>,0.0
450,9.4,WR,1.0,WR181,scotty-miller,0.1,<scipy.stats._distn_infrastructure.rv_continuous_frozen object at 0x39434ec30>,0.0
451,51.9,WR,1.0,WR180,justin-watson,0.1,<scipy.stats._distn_infrastructure.rv_continuous_frozen object at 0x39434ede0>,0.0
452,16.9,WR,1.0,WR179,mason-tipton,0.1,<scipy.stats._distn_infrastructure.rv_continuous_frozen object at 0x39434ef90>,0.0
453,11.1,WR,1.0,WR178,dj-chark-jr.,0.1,<scipy.stats._distn_infrastructure.rv_continuous_frozen object at 0x39434f170>,0.0
454,14.2,WR,1.0,WR176,ainias-smith,0.1,<scipy.stats._distn_infrastructure.rv_continuous_frozen object at 0x39434f320>,0.0
455,14.6,WR,1.0,WR164,ricky-white-iii,0.1,<scipy.stats._distn_infrastructure.rv_continuous_frozen object at 0x39434f4d0>,0.0
456,6.7,WR,1.0,WR175,tyquan-thornton,0.1,<scipy.stats._distn_infrastructure.rv_continuous_frozen object at 0x39434f680>,0.0
457,27.2,WR,1.0,WR174,mecole-hardman-jr.,0.1,<scipy.stats._distn_infrastructure.rv_continuous_frozen object at 0x39434f830>,0.0
458,9.7,WR,1.0,WR173,deandre-carter,0.1,<scipy.stats._distn_infrastructure.rv_continuous_frozen object at 0x39434f9e0>,0.0
459,69.1,WR,1.0,WR172,david-moore,0.1,<scipy.stats._distn_infrastructure.rv_continuous_frozen object at 0x39434fb90>,0.0
460,30.2,WR,1.0,WR171,julian-fleming,0.1,<scipy.stats._distn_infrastructure.rv_continuous_frozen object at 0x39434fd40>,0.0
461,15.2,WR,1.0,WR170,k.j.-osborn,0.1,<scipy.stats._distn_infrastructure.rv_continuous_frozen object at 0x39434fda0>,0.0
462,26.6,WR,1.0,WR169,rondale-moore,0.1,<scipy.stats._distn_infrastructure.rv_continuous_frozen object at 0x39434fec0>,0.0
463,64.3,WR,1.0,WR168,sterling-shepard,0.1,<scipy.stats._distn_infrastructure.rv_continuous_frozen object at 0x394350080>,0.0
464,27.1,WR,1.0,WR167,nick-nash,0.1,<scipy.stats._distn_infrastructure.rv_continuous_frozen object at 0x3943502c0>,0.0
465,4.2,WR,1.0,WR166,david-bell,0.1,<scipy.stats._distn_infrastructure.rv_continuous_frozen object at 0x394350620>,0.0
466,39.9,WR,1.0,WR165,cedrick-wilson-jr.,0.1,<scipy.stats._distn_infrastructure.rv_continuous_frozen object at 0x3943507d0>,0.0
467,32.4,WR,1.0,WR134,jahan-dotson,0.1,<scipy.stats._distn_infrastructure.rv_continuous_frozen object at 0x394350980>,0.0
468,71.8,WR,1.0,WR131,greg-dortch,0.1,<scipy.stats._distn_infrastructure.rv_continuous_frozen object at 0x394350b30>,0.0
469,18.2,WR,1.0,WR190,ashton-dulin,0.1,<scipy.stats._distn_infrastructure.rv_continuous_frozen object at 0x394350ce0>,0.0
470,8.7,WR,1.0,WR130,jacob-cowing,0.1,<scipy.stats._distn_infrastructure.rv_continuous_frozen object at 0x394350e90>,0.0
471,72.6,WR,1.0,WR84,diontae-johnson,0.1,<scipy.stats._distn_infrastructure.rv_continuous_frozen object at 0x394351040>,0.0
472,62.3,WR,1.0,WR83,elic-ayomanor,0.1,<scipy.stats._distn_infrastructure.rv_continuous_frozen object at 0x3943511f0>,0.0
473,74.8,WR,1.0,WR81,jaylin-noel,0.1,<scipy.stats._distn_infrastructure.rv_continuous_frozen object at 0x3943513a0>,0.0
474,76.6,WR,1.0,WR77,jalen-coker,0.1,<scipy.stats._distn_infrastructure.rv_continuous_frozen object at 0x394351580>,0.0
475,9.6,QB,1.0,QB68,davis-mills,0.1,<scipy.stats._distn_infrastructure.rv_continuous_frozen object at 0x394351730>,0.0
476,5.9,QB,1.0,QB69,quinn-ewers,0.1,<scipy.stats._distn_infrastructure.rv_continuous_frozen object at 0x3943518e0>,0.0
477,13.7,QB,1.0,QB70,trey-lance,0.1,<scipy.stats._distn_infrastructure.rv_continuous_frozen object at 0x394351a90>,0.0
478,64.6,WR,1.0,WR58,tre'-harris,0.1,<scipy.stats._distn_infrastructure.rv_continuous_frozen object at 0x394351c40>,0.0
479,65.9,WR,1.0,WR57,cedric-tillman,0.1,<scipy.stats._distn_infrastructure.rv_continuous_frozen object at 0x394351df0>,0.0
480,68.8,WR,1.0,WR56,luther-burden-iii,0.1,<scipy.stats._distn_infrastructure.rv_continuous_frozen object at 0x394351fa0>,0.0
481,17.6,QB,1.0,QB71,riley-leonard,0.1,<scipy.stats._distn_infrastructure.rv_continuous_frozen object at 0x394352150>,0.0
482,57.4,WR,1.0,WR54,christian-kirk,0.1,<scipy.stats._distn_infrastructure.rv_continuous_frozen object at 0x394352300>,0.0
483,69.8,WR,1.0,WR52,rashid-shaheed,0.1,<scipy.stats._distn_infrastructure.rv_continuous_frozen object at 0x3943524b0>,0.0
484,49.9,WR,1.0,WR50,brandon-aiyuk,0.1,<scipy.stats._distn_infrastructure.rv_continuous_frozen object at 0x394352660>,0.0
485,21.8,QB,1.0,QB72,dorian-thompson-robinson,0.1,<scipy.stats._distn_infrastructure.rv_continuous_frozen object at 0x394352810>,0.0
486,28.8,QB,1.0,QB73,tanner-mckee,0.1,<scipy.stats._distn_infrastructure.rv_continuous_frozen object at 0x3943529c0>,0.0
487,85.1,QB,1.0,QB74,drew-lock,0.1,<scipy.stats._distn_infrastructure.rv_continuous_frozen object at 0x394352b70>,0.0
488,8.4,QB,1.0,QB75,brandon-allen,0.1,<scipy.stats._distn_infrastructure.rv_continuous_frozen object at 0x394352d20>,0.0
489,22.8,QB,1.0,QB76,case-keenum,0.1,<scipy.stats._distn_infrastructure.rv_continuous_frozen object at 0x394352ed0>,0.0
490,9.5,QB,1.0,QB77,kyle-mccord,0.1,<scipy.stats._distn_infrastructure.rv_continuous_frozen object at 0x394353080>,0.0
491,0.0,QB,1.0,QB78,clayton-tune,0.1,<scipy.stats._distn_infrastructure.rv_continuous_frozen object at 0x394353230>,0.0
492,9.0,QB,1.0,QB79,bailey-zappe,0.1,<scipy.stats._distn_infrastructure.rv_continuous_frozen object at 0x3943533e0>,0.0
493,7.1,QB,1.0,QB80,stetson-bennett-iv,0.1,<scipy.stats._distn_infrastructure.rv_continuous_frozen object at 0x394353590>,0.0
494,13.5,QB,1.0,QB81,tommy-devito,0.1,<scipy.stats._distn_infrastructure.rv_continuous_frozen object at 0x394353770>,0.0
495,7.9,QB,1.0,QB82,skylar-thompson,0.1,<scipy.stats._distn_infrastructure.rv_continuous_frozen object at 0x394353920>,0.0
496,0.5,QB,1.0,QB67,jarrett-stidham,0.1,<scipy.stats._distn_infrastructure.rv_continuous_frozen object at 0x394353ad0>,0.0
497,52.4,WR,1.0,WR93,dyami-brown,0.1,<scipy.stats._distn_infrastructure.rv_continuous_frozen object at 0x394353c80>,0.0
498,56.6,WR,1.0,WR94,brandin-cooks,0.1,<scipy.stats._distn_infrastructure.rv_continuous_frozen object at 0x394353ce0>,0.0
499,67.4,WR,1.0,WR114,tai-felton,0.1,<scipy.stats._distn_infrastructure.rv_continuous_frozen object at 0x394353e00>,0.0
500,60.3,WR,1.0,WR129,isaiah-bond,0.1,<scipy.stats._distn_infrastructure.rv_continuous_frozen object at 0x394354080>,0.0
501,46.2,WR,1.0,WR128,keandre-lambert-smith,0.1,<scipy.stats._distn_infrastructure.rv_continuous_frozen object at 0x394354380>,0.0
502,61.5,WR,1.0,WR126,jaylin-lane,0.1,<scipy.stats._distn_infrastructure.rv_continuous_frozen object at 0x394354530>,0.0
503,48.2,WR,1.0,WR125,curtis-samuel,0.1,<scipy.stats._distn_infrastructure.rv_continuous_frozen object at 0x394354710>,0.0
504,51.7,WR,1.0,WR123,chimere-dike,0.1,<scipy.stats._distn_infrastructure.rv_continuous_frozen object at 0x3943548c0>,0.0
505,31.9,WR,1.0,WR122,josh-reynolds,0.1,<scipy.stats._distn_infrastructure.rv_continuous_frozen object at 0x394354a70>,0.0
506,43.4,WR,1.0,WR121,savion-williams,0.1,<scipy.stats._distn_infrastructure.rv_continuous_frozen object at 0x394354c50>,0.0
507,53.1,WR,1.0,WR119,troy-franklin,0.1,<scipy.stats._distn_infrastructure.rv_continuous_frozen object at 0x394354e00>,0.0
508,68.8,WR,1.0,WR118,noah-brown,0.1,<scipy.stats._distn_infrastructure.rv_continuous_frozen object at 0x394354fb0>,0.0
509,75.0,WR,1.0,WR116,marquez-valdes-scantling,0.1,<scipy.stats._distn_infrastructure.rv_continuous_frozen object at 0x394355160>,0.0
510,43.4,WR,1.0,WR115,john-metchie-iii,0.1,<scipy.stats._distn_infrastructure.rv_continuous_frozen object at 0x394355310>,0.0
511,41.5,WR,1.0,WR113,jordan-whittington,0.1,<scipy.stats._distn_infrastructure.rv_continuous_frozen object at 0x3943554c0>,0.0
512,41.8,WR,1.0,WR95,malik-washington,0.1,<scipy.stats._distn_infrastructure.rv_continuous_frozen object at 0x394355670>,0.0
513,77.9,WR,1.0,WR111,tutu-atwell,0.1,<scipy.stats._distn_infrastructure.rv_continuous_frozen object at 0x394355820>,0.0
514,43.9,WR,1.0,WR110,gabe-davis,0.1,<scipy.stats._distn_infrastructure.rv_continuous_frozen object at 0x3943559d0>,0.0
515,39.4,WR,1.0,WR109,tez-johnson,0.1,<scipy.stats._distn_infrastructure.rv_continuous_frozen object at 0x394355b80>,0.0
516,23.3,WR,1.0,WR108,dont'e-thornton-jr.,0.1,<scipy.stats._distn_infrastructure.rv_continuous_frozen object at 0x394355d90>,0.0
517,12.7,WR,1.0,WR107,jermaine-burton,0.1,<scipy.stats._distn_infrastructure.rv_continuous_frozen object at 0x394355fd0>,0.0
518,36.5,WR,1.0,WR106,isaac-teslaa,0.1,<scipy.stats._distn_infrastructure.rv_continuous_frozen object at 0x394356210>,0.0
519,42.6,WR,1.0,WR104,tory-horton,0.1,<scipy.stats._distn_infrastructure.rv_continuous_frozen object at 0x394356450>,0.0
520,25.8,WR,1.0,WR103,luke-mccaffrey,0.1,<scipy.stats._distn_infrastructure.rv_continuous_frozen object at 0x394356690>,0.0
521,53.9,WR,1.0,WR102,xavier-restrepo,0.1,<scipy.stats._distn_infrastructure.rv_continuous_frozen object at 0x3943568d0>,0.0
522,75.9,WR,1.0,WR99,tim-patrick,0.1,<scipy.stats._distn_infrastructure.rv_continuous_frozen object at 0x394356b10>,0.0
523,81.0,WR,1.0,WR97,parker-washington,0.1,<scipy.stats._distn_infrastructure.rv_continuous_frozen object at 0x394356d50>,0.0
524,13.6,WR,1.0,WR189,konata-mumpfield,0.1,<scipy.stats._distn_infrastructure.rv_continuous_frozen object at 0x394356f90>,0.0
525,10.4,WR,1.0,WR191,skyy-moore,0.1,<scipy.stats._distn_infrastructure.rv_continuous_frozen object at 0x3943571d0>,0.0
526,26.4,RB,1.0,RB118,marcus-yarns,0.1,<scipy.stats._distn_infrastructure.rv_continuous_frozen object at 0x394357410>,0.0
527,69.4,RB,1.0,RB55,roschon-johnson,0.1,<scipy.stats._distn_infrastructure.rv_continuous_frozen object at 0x394357650>,0.0
528,26.5,RB,1.0,RB85,khalil-herbert,0.1,<scipy.stats._distn_infrastructure.rv_continuous_frozen object at 0x394357890>,0.0
529,82.7,RB,1.0,RB83,ty-johnson,0.1,<scipy.stats._distn_infrastructure.rv_continuous_frozen object at 0x394357ad0>,0.0
530,54.6,RB,1.0,RB82,kenneth-gainwell,0.1,<scipy.stats._distn_infrastructure.rv_continuous_frozen object at 0x394357d10>,0.0
531,70.4,RB,1.0,RB81,ollie-gordon-ii,0.1,<scipy.stats._distn_infrastructure.rv_continuous_frozen object at 0x394357d70>,0.0
532,58.2,RB,1.0,RB80,brashard-smith,0.1,<scipy.stats._distn_infrastructure.rv_continuous_frozen object at 0x394357f20>,0.0
533,86.1,RB,1.0,RB79,devin-singletary,0.1,<scipy.stats._distn_infrastructure.rv_continuous_frozen object at 0x39435c170>,0.0
534,64.2,RB,1.0,RB77,sean-tucker,0.1,<scipy.stats._distn_infrastructure.rv_continuous_frozen object at 0x39435c410>,0.0
535,46.2,RB,1.0,RB76,audric-estime,0.1,<scipy.stats._distn_infrastructure.rv_continuous_frozen object at 0x39435c890>,0.0
536,37.7,RB,1.0,RB75,tahj-brooks,0.1,<scipy.stats._distn_infrastructure.rv_continuous_frozen object at 0x39435cad0>,0.0
537,20.7,RB,1.0,RB74,trevor-etienne,0.1,<scipy.stats._distn_infrastructure.rv_continuous_frozen object at 0x39435cd40>,0.0
538,19.6,RB,1.0,RB73,elijah-mitchell,0.1,<scipy.stats._distn_infrastructure.rv_continuous_frozen object at 0x39435cf80>,0.0
539,16.9,RB,1.0,RB72,woody-marks,0.1,<scipy.stats._distn_infrastructure.rv_continuous_frozen object at 0x39435d1c0>,0.0
540,61.4,RB,1.0,RB71,raheem-mostert,0.1,<scipy.stats._distn_infrastructure.rv_continuous_frozen object at 0x39435d400>,0.0
541,6.3,RB,1.0,RB70,keaton-mitchell,0.1,<scipy.stats._distn_infrastructure.rv_continuous_frozen object at 0x39435d640>,0.0
542,47.0,RB,1.0,RB69,jarquez-hunter,0.1,<scipy.stats._distn_infrastructure.rv_continuous_frozen object at 0x39435d8e0>,0.0
543,85.2,RB,1.0,RB68,jaleel-mclaughlin,0.1,<scipy.stats._distn_infrastructure.rv_continuous_frozen object at 0x39435db50>,0.0
544,35.1,RB,1.0,RB67,devin-neal,0.1,<scipy.stats._distn_infrastructure.rv_continuous_frozen object at 0x39435dd90>,0.0
545,13.7,RB,1.0,RB66,will-shipley,0.1,<scipy.stats._distn_infrastructure.rv_continuous_frozen object at 0x39435dfd0>,0.0
546,41.5,RB,1.0,RB65,kyle-monangai,0.1,<scipy.stats._distn_infrastructure.rv_continuous_frozen object at 0x39435e210>,0.0
547,46.3,RB,1.0,RB64,dj-giddens,0.1,<scipy.stats._distn_infrastructure.rv_continuous_frozen object at 0x39435e450>,0.0
548,65.3,RB,1.0,RB62,miles-sanders,0.1,<scipy.stats._distn_infrastructure.rv_continuous_frozen object at 0x39435e690>,0.0
549,26.6,RB,1.0,RB61,kendre-miller,0.1,<scipy.stats._distn_infrastructure.rv_continuous_frozen object at 0x39435e8d0>,0.0
550,2.3,RB,1.0,RB59,marshawn-lloyd,0.1,<scipy.stats._distn_infrastructure.rv_continuous_frozen object at 0x39435eb10>,0.0
551,30.0,RB,1.0,RB58,blake-corum,0.1,<scipy.stats._distn_infrastructure.rv_continuous_frozen object at 0x39435ed50>,0.0
552,34.1,RB,1.0,RB57,bhayshul-tuten,0.1,<scipy.stats._distn_infrastructure.rv_continuous_frozen object at 0x39435ef90>,0.0
553,41.4,RB,1.0,RB86,isaiah-davis,0.1,<scipy.stats._distn_infrastructure.rv_continuous_frozen object at 0x39435f1d0>,0.0
554,24.2,RB,1.0,RB88,sincere-mccormick,0.1,<scipy.stats._distn_infrastructure.rv_continuous_frozen object at 0x39435f410>,0.0
555,42.5,RB,1.0,RB89,dameon-pierce,0.1,<scipy.stats._distn_infrastructure.rv_continuous_frozen object at 0x39435f680>,0.0
556,50.1,RB,1.0,RB105,donovan-edwards,0.1,<scipy.stats._distn_infrastructure.rv_continuous_frozen object at 0x39435f8c0>,0.0
557,28.2,RB,1.0,RB117,pierre-strong-jr.,0.1,<scipy.stats._distn_infrastructure.rv_continuous_frozen object at 0x39435fb60>,0.0
558,25.7,RB,1.0,RB116,clyde-edwards-helaire,0.1,<scipy.stats._distn_infrastructure.rv_continuous_frozen object at 0x39435fbc0>,0.0
559,28.8,RB,1.0,RB115,ja'quinden-jackson,0.1,<scipy.stats._distn_infrastructure.rv_continuous_frozen object at 0x39435fd70>,0.0
560,19.4,RB,1.0,RB114,craig-reynolds,0.1,<scipy.stats._distn_infrastructure.rv_continuous_frozen object at 0x394360080>,0.0
561,59.3,RB,1.0,RB113,jeremy-mcnichols,0.1,<scipy.stats._distn_infrastructure.rv_continuous_frozen object at 0x394360500>,0.0
562,48.1,RB,1.0,RB112,kyle-juszczyk,0.1,<scipy.stats._distn_infrastructure.rv_continuous_frozen object at 0x394360740>,0.0
563,51.1,RB,1.0,RB111,jonathon-brooks,0.1,<scipy.stats._distn_infrastructure.rv_continuous_frozen object at 0x394360980>,0.0
564,51.3,RB,1.0,RB110,kalel-mullings,0.1,<scipy.stats._distn_infrastructure.rv_continuous_frozen object at 0x394360bc0>,0.0
565,45.8,RB,1.0,RB109,trey-sermon,0.1,<scipy.stats._distn_infrastructure.rv_continuous_frozen object at 0x394360e00>,0.0
566,46.7,RB,1.0,RB107,emari-demercado,0.1,<scipy.stats._distn_infrastructure.rv_continuous_frozen object at 0x394361040>,0.0
567,72.0,RB,1.0,RB106,lequint-allen-jr.,0.1,<scipy.stats._distn_infrastructure.rv_continuous_frozen object at 0x394361280>,0.0
568,67.4,RB,1.0,RB103,samaje-perine,0.1,<scipy.stats._distn_infrastructure.rv_continuous_frozen object at 0x3943614c0>,0.0
569,30.2,RB,1.0,RB90,kimani-vidal,0.1,<scipy.stats._distn_infrastructure.rv_continuous_frozen object at 0x394361760>,0.0
570,62.6,RB,1.0,RB102,gus-edwards,0.1,<scipy.stats._distn_infrastructure.rv_continuous_frozen object at 0x3943619a0>,0.0
571,46.6,RB,1.0,RB101,a.j.-dillon,0.1,<scipy.stats._distn_infrastructure.rv_continuous_frozen object at 0x394361be0>,0.0
572,30.0,RB,1.0,RB100,raheim-sanders,0.1,<scipy.stats._distn_infrastructure.rv_continuous_frozen object at 0x394361e20>,0.0
573,26.3,RB,1.0,RB99,zamir-white,0.1,<scipy.stats._distn_infrastructure.rv_continuous_frozen object at 0x394362060>,0.0
574,31.0,RB,1.0,RB98,chris-rodriguez-jr.,0.1,<scipy.stats._distn_infrastructure.rv_continuous_frozen object at 0x3943622a0>,0.0
575,38.3,RB,1.0,RB97,phil-mafah,0.1,<scipy.stats._distn_infrastructure.rv_continuous_frozen object at 0x394362510>,0.0
576,70.4,RB,1.0,RB96,zack-moss,0.1,<scipy.stats._distn_infrastructure.rv_continuous_frozen object at 0x394362780>,0.0
577,25.4,RB,1.0,RB95,ty-chandler,0.1,<scipy.stats._distn_infrastructure.rv_continuous_frozen object at 0x3943629c0>,0.0
578,36.7,RB,1.0,RB93,chris-brooks,0.1,<scipy.stats._distn_infrastructure.rv_continuous_frozen object at 0x394362c00>,0.0
579,46.2,RB,1.0,RB92,damien-martinez,0.1,<scipy.stats._distn_infrastructure.rv_continuous_frozen object at 0x394362e40>,0.0
580,27.4,RB,1.0,RB91,jacory-croskey-merritt,0.1,<scipy.stats._distn_infrastructure.rv_continuous_frozen object at 0x394363080>,0.0
581,34.6,RB,1.0,RB56,dylan-sampson,0.1,<scipy.stats._distn_infrastructure.rv_continuous_frozen object at 0x3943632c0>,0.0
582,38.8,RB,1.0,RB54,jaydon-blue,0.1,<scipy.stats._distn_infrastructure.rv_continuous_frozen object at 0x394363500>,0.0
583,10.0,WR,1.0,WR192,michael-woods-ii,0.1,<scipy.stats._distn_infrastructure.rv_continuous_frozen object at 0x394363740>,0.0
584,25.2,RB,1.0,RB53,jaylen-wright,0.1,<scipy.stats._distn_infrastructure.rv_continuous_frozen object at 0x394363980>,0.0
585,0.0,QB,1.0,QB60,kyle-trask,0.1,<scipy.stats._distn_infrastructure.rv_continuous_frozen object at 0x394363bc0>,0.0
586,2.7,QB,1.0,QB61,hendon-hooker,0.1,<scipy.stats._distn_infrastructure.rv_continuous_frozen object at 0x394363c20>,0.0
587,3.1,QB,1.0,QB62,taylor-heinicke,0.1,<scipy.stats._distn_infrastructure.rv_continuous_frozen object at 0x394363dd0>,0.0
588,14.2,QB,1.0,QB63,jake-haener,0.1,<scipy.stats._distn_infrastructure.rv_continuous_frozen object at 0x394364050>,0.0
589,1.3,QB,1.0,QB64,nick-mullens,0.1,<scipy.stats._distn_infrastructure.rv_continuous_frozen object at 0x3943640b0>,0.0
590,0.0,QB,1.0,QB65,tyson-bagent,0.1,<scipy.stats._distn_infrastructure.rv_continuous_frozen object at 0x3943647a0>,0.0
591,46.2,QB,1.0,QB66,jacoby-brissett,0.1,<scipy.stats._distn_infrastructure.rv_continuous_frozen object at 0x3943649e0>,0.0
592,1.0,WR,1.0,WR210,tyler-scott,0.1,<scipy.stats._distn_infrastructure.rv_continuous_frozen object at 0x394364c50>,0.0
593,30.8,WR,1.0,WR209,ryan-miller,0.1,<scipy.stats._distn_infrastructure.rv_continuous_frozen object at 0x394364e90>,0.0
594,9.5,WR,1.0,WR208,braxton-berrios,0.1,<scipy.stats._distn_infrastructure.rv_continuous_frozen object at 0x394365100>,0.0
595,0.4,WR,1.0,WR207,velus-jones-jr.,0.1,<scipy.stats._distn_infrastructure.rv_continuous_frozen object at 0x394365340>,0.0
596,5.9,WR,1.0,WR206,dee-eskridge,0.1,<scipy.stats._distn_infrastructure.rv_continuous_frozen object at 0x394365580>,0.0
597,5.6,WR,1.0,WR205,tim-jones,0.1,<scipy.stats._distn_infrastructure.rv_continuous_frozen object at 0x3943657c0>,0.0
598,2.8,WR,1.0,WR204,anthony-gould,0.1,<scipy.stats._distn_infrastructure.rv_continuous_frozen object at 0x394365a00>,0.0
599,18.3,WR,1.0,WR203,trent-sherfield-sr.,0.1,<scipy.stats._distn_infrastructure.rv_continuous_frozen object at 0x394365c40>,0.0
600,13.6,WR,1.0,WR202,simi-fehoko,0.1,<scipy.stats._distn_infrastructure.rv_continuous_frozen object at 0x394365e80>,0.0
601,16.8,WR,1.0,WR201,casey-washington,0.1,<scipy.stats._distn_infrastructure.rv_continuous_frozen object at 0x3943660c0>,0.0
602,16.9,WR,1.0,WR200,rakim-jarrett,0.1,<scipy.stats._distn_infrastructure.rv_continuous_frozen object at 0x394366300>,0.0
603,18.5,WR,1.0,WR199,bo-melton,0.1,<scipy.stats._distn_infrastructure.rv_continuous_frozen object at 0x394366540>,0.0
604,6.0,WR,1.0,WR198,ihmir-smith-marsette,0.1,<scipy.stats._distn_infrastructure.rv_continuous_frozen object at 0x394366780>,0.0
605,9.7,WR,1.0,WR197,joshua-cephus,0.1,<scipy.stats._distn_infrastructure.rv_continuous_frozen object at 0x3943669c0>,0.0
606,9.4,WR,1.0,WR196,ben-skowronek,0.1,<scipy.stats._distn_infrastructure.rv_continuous_frozen object at 0x394366c00>,0.0
607,5.0,WR,1.0,WR195,charlie-jones,0.1,<scipy.stats._distn_infrastructure.rv_continuous_frozen object at 0x394366e40>,0.0
608,17.7,WR,1.0,WR194,xavier-hutchinson,0.1,<scipy.stats._distn_infrastructure.rv_continuous_frozen object at 0x394367080>,0.0
609,10.8,WR,1.0,WR193,kobe-hudson,0.1,<scipy.stats._distn_infrastructure.rv_continuous_frozen object at 0x3943672c0>,0.0
610,79.7,QB,1.0,QB59,deshaun-watson,0.1,<scipy.stats._distn_infrastructure.rv_continuous_frozen object at 0x394367530>,0.0
611,15.3,QB,1.0,QB58,mitchell-trubisky,0.1,<scipy.stats._distn_infrastructure.rv_continuous_frozen object at 0x3943677a0>,0.0
612,32.8,QB,1.0,QB57,joshua-dobbs,0.1,<scipy.stats._distn_infrastructure.rv_continuous_frozen object at 0x3943679e0>,0.0
613,104.8,QB,1.0,QB43,mason-rudolph,0.1,<scipy.stats._distn_infrastructure.rv_continuous_frozen object at 0x394367c20>,0.0
614,60.8,RB,1.0,RB52,nick-chubb,0.1,<scipy.stats._distn_infrastructure.rv_continuous_frozen object at 0x394367c80>,0.0
615,75.7,RB,1.0,RB50,braelon-allen,0.1,<scipy.stats._distn_infrastructure.rv_continuous_frozen object at 0x394367e30>,0.0
616,106.0,QB,1.0,QB32,joe-flacco,0.1,<scipy.stats._distn_infrastructure.rv_continuous_frozen object at 0x394368080>,0.0
617,67.1,QB,1.0,QB33,tyler-shough,0.1,<scipy.stats._distn_infrastructure.rv_continuous_frozen object at 0x394368320>,0.0
618,48.3,QB,1.0,QB34,jaxson-dart,0.1,<scipy.stats._distn_infrastructure.rv_continuous_frozen object at 0x3943687a0>,0.0
619,20.1,QB,1.0,QB35,tyrod-taylor,0.1,<scipy.stats._distn_infrastructure.rv_continuous_frozen object at 0x3943689e0>,0.0
620,35.2,QB,1.0,QB36,shedeur-sanders,0.1,<scipy.stats._distn_infrastructure.rv_continuous_frozen object at 0x394368c20>,0.0
621,80.0,QB,1.0,QB37,jalen-milroe,0.1,<scipy.stats._distn_infrastructure.rv_continuous_frozen object at 0x394368e60>,0.0
622,72.3,QB,1.0,QB38,spencer-rattler,0.1,<scipy.stats._distn_infrastructure.rv_continuous_frozen object at 0x3943690a0>,0.0
623,26.1,QB,1.0,QB40,kenny-pickett,0.1,<scipy.stats._distn_infrastructure.rv_continuous_frozen object at 0x3943692e0>,0.0
624,73.3,QB,1.0,QB42,dillon-gabriel,0.1,<scipy.stats._distn_infrastructure.rv_continuous_frozen object at 0x394369520>,0.0
625,19.2,QB,1.0,QB44,joe-milton-iii,0.1,<scipy.stats._distn_infrastructure.rv_continuous_frozen object at 0x394369760>,0.0
626,114.6,QB,1.0,QB56,cooper-rush,0.1,<scipy.stats._distn_infrastructure.rv_continuous_frozen object at 0x3943699a0>,0.0
627,45.8,QB,1.0,QB45,marcus-mariota,0.1,<scipy.stats._distn_infrastructure.rv_continuous_frozen object at 0x394369be0>,0.0
628,104.1,QB,1.0,QB46,mac-jones,0.1,<scipy.stats._distn_infrastructure.rv_continuous_frozen object at 0x394369e20>,0.0
629,74.8,QB,1.0,QB47,jake-browning,0.1,<scipy.stats._distn_infrastructure.rv_continuous_frozen object at 0x39436a060>,0.0
630,51.8,QB,1.0,QB48,malik-willis,0.1,<scipy.stats._distn_infrastructure.rv_continuous_frozen object at 0x39436a2a0>,0.0
631,97.5,QB,1.0,QB49,aidan-o'connell,0.1,<scipy.stats._distn_infrastructure.rv_continuous_frozen object at 0x39436a4e0>,0.0
632,42.6,QB,1.0,QB50,will-howard,0.1,<scipy.stats._distn_infrastructure.rv_continuous_frozen object at 0x39436a720>,0.0
633,0.2,QB,1.0,QB51,sam-howell,0.1,<scipy.stats._distn_infrastructure.rv_continuous_frozen object at 0x39436a960>,0.0
634,20.9,QB,1.0,QB52,jimmy-garoppolo,0.1,<scipy.stats._distn_infrastructure.rv_continuous_frozen object at 0x39436aba0>,0.0
635,106.3,QB,1.0,QB53,gardner-minshew-ii,0.1,<scipy.stats._distn_infrastructure.rv_continuous_frozen object at 0x39436ade0>,0.0
636,76.7,QB,1.0,QB54,zach-wilson,0.1,<scipy.stats._distn_infrastructure.rv_continuous_frozen object at 0x39436b020>,0.0
637,65.0,QB,1.0,QB55,andy-dalton,0.1,<scipy.stats._distn_infrastructure.rv_continuous_frozen object at 0x39436b290>,0.0
638,78.0,DST,1.0,DST32,carolina-panthers,0.1,<scipy.stats._distn_infrastructure.rv_continuous_frozen object at 0x39436b4d0>,0.0
